config,active_ops,instance,budget_j,qualite_pct,energie_joules,score_per_joule,co2_micrograms,stopped_reason
full_v4,"['walksat', 'focused_vns', 'clause_restart_greedy']",decision-tree-soybean-un-formula_0.8_2021_atleast_15_max-3_reduced_incomplete_tree,400,98.88516783675831,403.590456,0.275014,54484.7116,budget_exhausted
full_v4,"['walksat', 'focused_vns', 'clause_restart_greedy']",decision-tree-soybean-un-formula_0.8_2021_atleast_15_max-3_reduced_incomplete_tree,1000,99.30350804971128,4001.982975,0.064814,190267.7016,budget_exhausted
full_v4,"['walksat', 'focused_vns', 'clause_restart_greedy']",decision-tree-soybean-un-formula_0.8_2021_atleast_15_max-3_reduced_incomplete_tree,2000,99.08988751543743,2001.332006,0.049512,270179.8208,budget_exhausted
full_v4,"['walksat', 'focused_vns', 'clause_restart_greedy']",min-fill-MinFill_R0_myciel5,400,94.22150295782245,402.072933,0.244339,54279.846,budget_exhausted
full_v4,"['walksat', 'focused_vns', 'clause_restart_greedy']",min-fill-MinFill_R0_myciel5,1000,96.52010130656207,1016.079006,0.096993,137170.6658,budget_exhausted
full_v4,"['walksat', 'focused_vns', 'clause_restart_greedy']",min-fill-MinFill_R0_myciel5,2000,95.92579385760394,2008.130082,0.049769,271097.5611,budget_exhausted
full_v4,"['walksat', 'focused_vns', 'clause_restart_greedy']",decision-tree-car-un-formula_0.8_2021_atleast_15_max-3_reduced_incomplete_tree,400,98.58484147503061,423.014211,0.253053,57106.9185,budget_exhausted
full_v4,"['walksat', 'focused_vns', 'clause_restart_greedy']",decision-tree-car-un-formula_0.8_2021_atleast_15_max-3_reduced_incomplete_tree,1000,99.00122465641584,1956.157981,0.06061,264081.3274,budget_exhausted
full_v4,"['walksat', 'focused_vns', 'clause_restart_greedy']",decision-tree-car-un-formula_0.8_2021_atleast_15_max-3_reduced_incomplete_tree,2000,99.14636912051526,2020.369067,0.053073,265749.824,budget_exhausted
full_v4,"['walksat', 'focused_vns', 'clause_restart_greedy']",decision-tree-vote-un-formula_0.8_2021_atleast_15_max-3_reduced_incomplete_tree,400,99.93083041924451,906.08393,0.180289,92321.3306,budget_exhausted
full_v4,"['walksat', 'focused_vns', 'clause_restart_greedy']",decision-tree-vote-un-formula_0.8_2021_atleast_15_max-3_reduced_incomplete_tree,1000,99.06877249612522,2249.172387,0.084047,173638.2722,budget_exhausted
full_v4,"['walksat', 'focused_vns', 'clause_restart_greedy']",decision-tree-vote-un-formula_0.8_2021_atleast_15_max-3_reduced_incomplete_tree,2000,99.07517708693591,2017.668344,0.053104,232385.2264,budget_exhausted
no_walksat,"['focused_vns', 'clause_restart_greedy']",decision-tree-soybean-un-formula_0.8_2021_atleast_15_max-3_reduced_incomplete_tree,400,98.88071740896093,410.410139,0.240931,55405.3688,budget_exhausted
no_walksat,"['focused_vns', 'clause_restart_greedy']",decision-tree-soybean-un-formula_0.8_2021_atleast_15_max-3_reduced_incomplete_tree,1000,99.12104051001903,2399.600397,0.041307,323946.0536,budget_exhausted
no_walksat,"['focused_vns', 'clause_restart_greedy']",decision-tree-soybean-un-formula_0.8_2021_atleast_15_max-3_reduced_incomplete_tree,2000,99.10546401272822,2391.788683,0.041436,322891.4722,budget_exhausted
no_walksat,"['focused_vns', 'clause_restart_greedy']",min-fill-MinFill_R0_myciel5,400,93.94720721214948,410.847419,0.228667,55464.4016,budget_exhausted
no_walksat,"['focused_vns', 'clause_restart_greedy']",min-fill-MinFill_R0_myciel5,1000,96.47895694471111,1008.081054,0.095706,136090.9423,budget_exhausted
no_walksat,"['focused_vns', 'clause_restart_greedy']",min-fill-MinFill_R0_myciel5,2000,95.92213658099496,2013.748456,0.047634,271856.0416,budget_exhausted
no_walksat,"['focused_vns', 'clause_restart_greedy']",decision-tree-car-un-formula_0.8_2021_atleast_15_max-3_reduced_incomplete_tree,400,98.52315507778836,401.606205,0.245323,54216.8377,budget_exhausted
no_walksat,"['focused_vns', 'clause_restart_greedy']",decision-tree-car-un-formula_0.8_2021_atleast_15_max-3_reduced_incomplete_tree,1000,99.0338821608382,2144.095006,0.046189,289452.8258,budget_exhausted
no_walksat,"['focused_vns', 'clause_restart_greedy']",decision-tree-car-un-formula_0.8_2021_atleast_15_max-3_reduced_incomplete_tree,2000,99.21077697645939,2001.227034,0.049575,270165.6496,budget_exhausted
no_walksat,"['focused_vns', 'clause_restart_greedy']",decision-tree-vote-un-formula_0.8_2021_atleast_15_max-3_reduced_incomplete_tree,400,99.88856011989394,1348.839723,0.074055,182093.3626,budget_exhausted
no_walksat,"['focused_vns', 'clause_restart_greedy']",decision-tree-vote-un-formula_0.8_2021_atleast_15_max-3_reduced_incomplete_tree,1000,99.06364882347667,1890.026601,0.052414,255153.5911,budget_exhausted
no_walksat,"['focused_vns', 'clause_restart_greedy']",decision-tree-vote-un-formula_0.8_2021_atleast_15_max-3_reduced_incomplete_tree,2000,98.97270363396483,2007.334239,0.049306,270990.1223,budget_exhausted
no_focused_vns,"['walksat', 'clause_restart_greedy']",decision-tree-soybean-un-formula_0.8_2021_atleast_15_max-3_reduced_incomplete_tree,400,99.0064419942367,406.702159,0.243437,54904.7915,budget_exhausted
no_focused_vns,"['walksat', 'clause_restart_greedy']",decision-tree-soybean-un-formula_0.8_2021_atleast_15_max-3_reduced_incomplete_tree,1000,99.09433794323479,2623.676419,0.037769,354196.3166,budget_exhausted
no_focused_vns,"['walksat', 'clause_restart_greedy']",decision-tree-soybean-un-formula_0.8_2021_atleast_15_max-3_reduced_incomplete_tree,2000,99.11992790306968,2832.452387,0.034994,382381.0722,budget_exhausted
no_focused_vns,"['walksat', 'clause_restart_greedy']",min-fill-MinFill_R0_myciel5,400,94.81123881101938,424.53326,0.223331,57311.9901,budget_exhausted
no_focused_vns,"['walksat', 'clause_restart_greedy']",min-fill-MinFill_R0_myciel5,1000,96.50364356182169,1005.762844,0.095951,135777.9839,budget_exhausted
no_focused_vns,"['walksat', 'clause_restart_greedy']",min-fill-MinFill_R0_myciel5,2000,95.97333845352058,2069.857595,0.046367,279430.7753,budget_exhausted
no_focused_vns,"['walksat', 'clause_restart_greedy']",decision-tree-car-un-formula_0.8_2021_atleast_15_max-3_reduced_incomplete_tree,400,98.61477752075112,429.982828,0.229346,58047.6818,budget_exhausted
no_focused_vns,"['walksat', 'clause_restart_greedy']",decision-tree-car-un-formula_0.8_2021_atleast_15_max-3_reduced_incomplete_tree,1000,99.0121104912233,2013.444813,0.049175,271815.0498,budget_exhausted
no_focused_vns,"['walksat', 'clause_restart_greedy']",decision-tree-car-un-formula_0.8_2021_atleast_15_max-3_reduced_incomplete_tree,2000,99.23436295187554,2025.148667,0.049001,273395.07,budget_exhausted
no_focused_vns,"['walksat', 'clause_restart_greedy']",decision-tree-vote-un-formula_0.8_2021_atleast_15_max-3_reduced_incomplete_tree,400,99.87575093827256,1011.158308,0.098774,136506.3716,budget_exhausted
no_focused_vns,"['walksat', 'clause_restart_greedy']",decision-tree-vote-un-formula_0.8_2021_atleast_15_max-3_reduced_incomplete_tree,1000,99.06877249612522,2129.857838,0.046514,287530.8081,budget_exhausted
no_focused_vns,"['walksat', 'clause_restart_greedy']",decision-tree-vote-un-formula_0.8_2021_atleast_15_max-3_reduced_incomplete_tree,2000,99.09439085936799,2031.006105,0.048791,274185.8242,budget_exhausted
no_greedy_restart,"['walksat', 'focused_vns']",decision-tree-soybean-un-formula_0.8_2021_atleast_15_max-3_reduced_incomplete_tree,400,99.0609597347545,401.245816,0.246883,54168.1852,budget_exhausted
no_greedy_restart,"['walksat', 'focused_vns']",decision-tree-soybean-un-formula_0.8_2021_atleast_15_max-3_reduced_incomplete_tree,1000,97.69134058011326,1006.56842,0.097054,135886.7367,budget_exhausted
no_greedy_restart,"['walksat', 'focused_vns']",decision-tree-soybean-un-formula_0.8_2021_atleast_15_max-3_reduced_incomplete_tree,2000,98.32441393428944,2017.06619,0.048746,272303.9356,budget_exhausted
no_greedy_restart,"['walksat', 'focused_vns']",min-fill-MinFill_R0_myciel5,400,94.44093955436084,404.504749,0.233473,54608.1411,budget_exhausted
no_greedy_restart,"['walksat', 'focused_vns']",min-fill-MinFill_R0_myciel5,1000,96.62159073246107,1020.750903,0.094657,137801.3719,budget_exhausted
no_greedy_restart,"['walksat', 'focused_vns']",min-fill-MinFill_R0_myciel5,2000,95.95962366623694,2000.000668,0.04798,270000.0902,budget_exhausted
no_greedy_restart,"['walksat', 'focused_vns']",decision-tree-car-un-formula_0.8_2021_atleast_15_max-3_reduced_incomplete_tree,400,98.59028439243434,406.454418,0.242562,54871.3464,budget_exhausted
no_greedy_restart,"['walksat', 'focused_vns']",decision-tree-car-un-formula_0.8_2021_atleast_15_max-3_reduced_incomplete_tree,1000,98.15938676463918,1012.881566,0.096911,136739.0114,budget_exhausted
no_greedy_restart,"['walksat', 'focused_vns']",decision-tree-car-un-formula_0.8_2021_atleast_15_max-3_reduced_incomplete_tree,2000,98.41157527101193,2025.218751,0.048593,273404.5314,budget_exhausted
no_greedy_restart,"['walksat', 'focused_vns']",decision-tree-vote-un-formula_0.8_2021_atleast_15_max-3_reduced_incomplete_tree,400,99.13666115871857,416.153459,0.138221,76180.717,budget_exhausted
no_greedy_restart,"['walksat', 'focused_vns']",decision-tree-vote-un-formula_0.8_2021_atleast_15_max-3_reduced_incomplete_tree,1000,97.66360527225916,1015.272726,0.096194,137061.818,budget_exhausted
no_greedy_restart,"['walksat', 'focused_vns']",decision-tree-vote-un-formula_0.8_2021_atleast_15_max-3_reduced_incomplete_tree,2000,98.42703249689377,2006.074779,0.049064,270820.0952,budget_exhausted
no_sparse_ph,"['walksat', 'focused_vns', 'clause_restart_greedy']",decision-tree-soybean-un-formula_0.8_2021_atleast_15_max-3_reduced_incomplete_tree,400,99.01534284983144,400.063843,0.247499,54008.6188,budget_exhausted
no_sparse_ph,"['walksat', 'focused_vns', 'clause_restart_greedy']",decision-tree-soybean-un-formula_0.8_2021_atleast_15_max-3_reduced_incomplete_tree,1000,99.14329264900589,2227.291843,0.044513,300684.3988,budget_exhausted
no_sparse_ph,"['walksat', 'focused_vns', 'clause_restart_greedy']",decision-tree-soybean-un-formula_0.8_2021_atleast_15_max-3_reduced_incomplete_tree,2000,99.117702689171,2009.773159,0.049318,271319.3765,budget_exhausted
no_sparse_ph,"['walksat', 'focused_vns', 'clause_restart_greedy']",min-fill-MinFill_R0_myciel5,400,94.74723647036234,410.64984,0.230725,55437.7284,budget_exhausted
no_sparse_ph,"['walksat', 'focused_vns', 'clause_restart_greedy']",min-fill-MinFill_R0_myciel5,1000,96.54935951943385,1009.953157,0.095598,136343.6762,budget_exhausted
no_sparse_ph,"['walksat', 'focused_vns', 'clause_restart_greedy']",min-fill-MinFill_R0_myciel5,2000,95.92487953845169,2019.947353,0.047489,272692.8927,budget_exhausted
no_sparse_ph,"['walksat', 'focused_vns', 'clause_restart_greedy']",decision-tree-car-un-formula_0.8_2021_atleast_15_max-3_reduced_incomplete_tree,400,98.56579126411756,420.54482,0.234376,56773.5507,budget_exhausted
no_sparse_ph,"['walksat', 'focused_vns', 'clause_restart_greedy']",decision-tree-car-un-formula_0.8_2021_atleast_15_max-3_reduced_incomplete_tree,1000,98.9994103506146,1976.31728,0.050093,266802.8328,budget_exhausted
no_sparse_ph,"['walksat', 'focused_vns', 'clause_restart_greedy']",decision-tree-car-un-formula_0.8_2021_atleast_15_max-3_reduced_incomplete_tree,2000,99.22801288157119,2005.076722,0.049488,270685.3575,budget_exhausted
no_sparse_ph,"['walksat', 'focused_vns', 'clause_restart_greedy']",decision-tree-vote-un-formula_0.8_2021_atleast_15_max-3_reduced_incomplete_tree,400,99.88471736540752,872.226753,0.114517,117750.6117,budget_exhausted
no_sparse_ph,"['walksat', 'focused_vns', 'clause_restart_greedy']",decision-tree-vote-un-formula_0.8_2021_atleast_15_max-3_reduced_incomplete_tree,1000,99.07645800509806,1969.577744,0.050303,265892.9954,budget_exhausted
no_sparse_ph,"['walksat', 'focused_vns', 'clause_restart_greedy']",decision-tree-vote-un-formula_0.8_2021_atleast_15_max-3_reduced_incomplete_tree,2000,98.9983219972076,2002.256633,0.049443,270304.6455,budget_exhausted
no_caching,"['walksat', 'focused_vns', 'clause_restart_greedy']",decision-tree-soybean-un-formula_0.8_2021_atleast_15_max-3_reduced_incomplete_tree,400,99.0197932776288,420.01195,0.235755,56701.6133,budget_exhausted
no_caching,"['walksat', 'focused_vns', 'clause_restart_greedy']",decision-tree-soybean-un-formula_0.8_2021_atleast_15_max-3_reduced_incomplete_tree,1000,99.93435618998876,1296.720485,0.077067,175057.2655,budget_exhausted
no_caching,"['walksat', 'focused_vns', 'clause_restart_greedy']",decision-tree-soybean-un-formula_0.8_2021_atleast_15_max-3_reduced_incomplete_tree,2000,99.99888739305065,2004.864732,0.049878,270656.7388,best_plateau
no_caching,"['walksat', 'focused_vns', 'clause_restart_greedy']",min-fill-MinFill_R0_myciel5,400,94.60643132091688,419.642048,0.225446,56651.6765,budget_exhausted
no_caching,"['walksat', 'focused_vns', 'clause_restart_greedy']",min-fill-MinFill_R0_myciel5,1000,95.65789834599666,1002.300169,0.095438,135310.5228,budget_exhausted
no_caching,"['walksat', 'focused_vns', 'clause_restart_greedy']",min-fill-MinFill_R0_myciel5,2000,96.06477036874492,2017.038008,0.047627,272300.1311,budget_exhausted
no_caching,"['walksat', 'focused_vns', 'clause_restart_greedy']",decision-tree-car-un-formula_0.8_2021_atleast_15_max-3_reduced_incomplete_tree,400,98.59028439243434,402.758354,0.244788,54372.3778,budget_exhausted
no_caching,"['walksat', 'focused_vns', 'clause_restart_greedy']",decision-tree-car-un-formula_0.8_2021_atleast_15_max-3_reduced_incomplete_tree,1000,99.61264571143467,1865.625711,0.053394,251859.471,budget_exhausted
no_caching,"['walksat', 'focused_vns', 'clause_restart_greedy']",decision-tree-car-un-formula_0.8_2021_atleast_15_max-3_reduced_incomplete_tree,2000,99.60901709983217,2005.269121,0.049674,270711.3313,budget_exhausted
no_caching,"['walksat', 'focused_vns', 'clause_restart_greedy']",decision-tree-vote-un-formula_0.8_2021_atleast_15_max-3_reduced_incomplete_tree,400,99.09310994120585,406.652673,0.15,74898.1109,budget_exhausted
no_caching,"['walksat', 'focused_vns', 'clause_restart_greedy']",decision-tree-vote-un-formula_0.8_2021_atleast_15_max-3_reduced_incomplete_tree,1000,99.91289756497457,1006.185754,0.099299,135835.0768,budget_exhausted
no_caching,"['walksat', 'focused_vns', 'clause_restart_greedy']",decision-tree-vote-un-formula_0.8_2021_atleast_15_max-3_reduced_incomplete_tree,2000,99.99871908183786,1704.565404,0.058665,230116.3295,best_plateau
no_profiling,"['walksat', 'focused_vns', 'clause_restart_greedy']",decision-tree-soybean-un-formula_0.8_2021_atleast_15_max-3_reduced_incomplete_tree,400,99.03314456102093,405.582333,0.244175,54753.615,budget_exhausted
no_profiling,"['walksat', 'focused_vns', 'clause_restart_greedy']",decision-tree-soybean-un-formula_0.8_2021_atleast_15_max-3_reduced_incomplete_tree,1000,99.21004906596647,2978.966381,0.033304,402160.4614,budget_exhausted
no_profiling,"['walksat', 'focused_vns', 'clause_restart_greedy']",decision-tree-soybean-un-formula_0.8_2021_atleast_15_max-3_reduced_incomplete_tree,2000,99.13550440036049,2021.356866,0.049044,272883.1769,budget_exhausted
no_profiling,"['walksat', 'focused_vns', 'clause_restart_greedy']",min-fill-MinFill_R0_myciel5,400,94.69603459783671,405.32783,0.233628,54719.2571,budget_exhausted
no_profiling,"['walksat', 'focused_vns', 'clause_restart_greedy']",min-fill-MinFill_R0_myciel5,1000,96.61701913669985,1011.132961,0.095553,136502.9497,budget_exhausted
no_profiling,"['walksat', 'focused_vns', 'clause_restart_greedy']",min-fill-MinFill_R0_myciel5,2000,95.90567883625458,2002.956921,0.047882,270399.1843,budget_exhausted
no_profiling,"['walksat', 'focused_vns', 'clause_restart_greedy']",decision-tree-car-un-formula_0.8_2021_atleast_15_max-3_reduced_incomplete_tree,400,98.55218397060824,402.489937,0.244856,54336.1415,budget_exhausted
no_profiling,"['walksat', 'focused_vns', 'clause_restart_greedy']",decision-tree-car-un-formula_0.8_2021_atleast_15_max-3_reduced_incomplete_tree,1000,99.08196126457115,2026.518406,0.048893,273579.9848,budget_exhausted
no_profiling,"['walksat', 'focused_vns', 'clause_restart_greedy']",decision-tree-car-un-formula_0.8_2021_atleast_15_max-3_reduced_incomplete_tree,2000,99.0329750079376,2016.939303,0.049101,272286.8059,budget_exhausted
no_profiling,"['walksat', 'focused_vns', 'clause_restart_greedy']",decision-tree-vote-un-formula_0.8_2021_atleast_15_max-3_reduced_incomplete_tree,400,99.85781808400262,1203.25732,0.08299,162439.7382,budget_exhausted
no_profiling,"['walksat', 'focused_vns', 'clause_restart_greedy']",decision-tree-vote-un-formula_0.8_2021_atleast_15_max-3_reduced_incomplete_tree,1000,99.13666115871857,1826.975356,0.054263,246641.6731,budget_exhausted
no_profiling,"['walksat', 'focused_vns', 'clause_restart_greedy']",decision-tree-vote-un-formula_0.8_2021_atleast_15_max-3_reduced_incomplete_tree,2000,99.03418770574748,2012.068925,0.04922,271629.3049,budget_exhausted
no_overrun_fix,"['walksat', 'focused_vns', 'clause_restart_greedy']",decision-tree-soybean-un-formula_0.8_2021_atleast_15_max-3_reduced_incomplete_tree,400,99.93991922473548,1326.62708,0.075334,179094.6558,budget_exhausted
no_overrun_fix,"['walksat', 'focused_vns', 'clause_restart_greedy']",decision-tree-soybean-un-formula_0.8_2021_atleast_15_max-3_reduced_incomplete_tree,1000,99.20226081732106,2587.915958,0.038333,349368.6543,budget_exhausted
no_overrun_fix,"['walksat', 'focused_vns', 'clause_restart_greedy']",decision-tree-soybean-un-formula_0.8_2021_atleast_15_max-3_reduced_incomplete_tree,2000,99.10101358493085,2034.264576,0.048716,274625.7178,budget_exhausted
no_overrun_fix,"['walksat', 'focused_vns', 'clause_restart_greedy']",min-fill-MinFill_R0_myciel5,400,96.85291347797862,5240.923585,0.01848,707524.684,budget_exhausted
no_overrun_fix,"['walksat', 'focused_vns', 'clause_restart_greedy']",min-fill-MinFill_R0_myciel5,1000,97.07417871282149,5340.797009,0.018176,721007.5962,budget_exhausted
no_overrun_fix,"['walksat', 'focused_vns', 'clause_restart_greedy']",min-fill-MinFill_R0_myciel5,2000,96.41038300829287,5480.966154,0.01759,739930.4308,budget_exhausted
no_overrun_fix,"['walksat', 'focused_vns', 'clause_restart_greedy']",decision-tree-car-un-formula_0.8_2021_atleast_15_max-3_reduced_incomplete_tree,400,99.60448133532907,1948.18369,0.051127,263004.7981,budget_exhausted
no_overrun_fix,"['walksat', 'focused_vns', 'clause_restart_greedy']",decision-tree-car-un-formula_0.8_2021_atleast_15_max-3_reduced_incomplete_tree,1000,99.08377557037238,1926.857254,0.051422,260125.7293,budget_exhausted
no_overrun_fix,"['walksat', 'focused_vns', 'clause_restart_greedy']",decision-tree-car-un-formula_0.8_2021_atleast_15_max-3_reduced_incomplete_tree,2000,99.20533405905566,2018.572193,0.049146,272507.2461,budget_exhausted
no_overrun_fix,"['walksat', 'focused_vns', 'clause_restart_greedy']",decision-tree-vote-un-formula_0.8_2021_atleast_15_max-3_reduced_incomplete_tree,400,99.8770318564347,922.688746,0.108246,124562.9807,budget_exhausted
no_overrun_fix,"['walksat', 'focused_vns', 'clause_restart_greedy']",decision-tree-vote-un-formula_0.8_2021_atleast_15_max-3_reduced_incomplete_tree,1000,99.10591912282725,1876.462763,0.052815,253322.473,budget_exhausted
no_overrun_fix,"['walksat', 'focused_vns', 'clause_restart_greedy']",decision-tree-vote-un-formula_0.8_2021_atleast_15_max-3_reduced_incomplete_tree,2000,99.40053030011913,2092.311619,0.047508,282462.0686,budget_exhausted
