instance,budget_j,n_runs,mean_qualite_pct,mean_energie_joules,mean_score_per_joule,mean_co2_micrograms,std_qualite_pct,std_energie_joules,std_score_per_joule,std_co2_micrograms
decision-tree-car-un-formula_0.8_2021_atleast_15_max-3_reduced_incomplete_tree,400,10,97.62099151812038,411.3850924,0.237332,55536.98746,0.9040549502022774,6.337147969937344,0.0030494578024443,855.5149826899125
decision-tree-car-un-formula_0.8_2021_atleast_15_max-3_reduced_incomplete_tree,1000,10,99.291967161065,3853.3291289,0.0425424,520199.4324,0.4748577909526693,1969.6821524170143,0.0367244623777303,265907.09055886825
decision-tree-car-un-formula_0.8_2021_atleast_15_max-3_reduced_incomplete_tree,2000,10,99.67142921939492,5517.121052500001,0.0181307,744811.3420800001,0.0313191902280313,354.1890698221053,0.001122807992886,47815.52440709941
decision-tree-soybean-un-formula_0.8_2021_atleast_15_max-3_reduced_incomplete_tree,400,10,98.7258425216124,431.6694061,0.229231,58275.36983,0.2380145714805883,22.065151540573336,0.0113999178944411,2978.795433215568
decision-tree-soybean-un-formula_0.8_2021_atleast_15_max-3_reduced_incomplete_tree,1000,10,99.95004394797448,3325.3822721999995,0.0303012,448926.60675,0.0221185341195306,310.0630317074573,0.0029182274604819,41858.50927685711
decision-tree-soybean-un-formula_0.8_2021_atleast_15_max-3_reduced_incomplete_tree,2000,10,99.96194884233248,2830.9666879,0.0354763,382180.50287,0.0168310788694492,198.34634020195327,0.0026391288145901,26776.75592585532
decision-tree-vote-un-formula_0.8_2021_atleast_15_max-3_reduced_incomplete_tree,400,10,99.25668319051096,1030.5686593,0.1769725,139126.769,0.4338513705602582,982.1314317896944,0.0942369318334849,132587.7432825949
decision-tree-vote-un-formula_0.8_2021_atleast_15_max-3_reduced_incomplete_tree,1000,10,99.98437279842192,2546.2095188,0.0406804,343738.28504999995,0.025395366886387,450.47418932029655,0.0091247564375409,60814.01555226055
decision-tree-vote-un-formula_0.8_2021_atleast_15_max-3_reduced_incomplete_tree,2000,10,99.9907773892326,2197.9840926,0.0455674,296727.85248,0.0108151440043974,92.93347047130167,0.0019823335967714,12546.018523358049
min-fill-MinFill_R0_myciel5,400,10,94.02967879968182,428.9523684,0.2194074,57908.56973,0.1787092080307352,13.726572326588574,0.0069525533311311,1853.087256655079
min-fill-MinFill_R0_myciel5,1000,10,95.17266917190116,1032.4388419000002,0.0922128,139379.24366,0.1885439750224228,20.15000442368038,0.0017421674750468,2720.250587633564
min-fill-MinFill_R0_myciel5,2000,10,95.97434420458804,2032.16959,0.0472311,274342.89466,0.0715736004071074,18.19767496500289,0.0004177092157097,2456.6861277104003
