instance,run,budget_j,qualite_pct,energie_joules,score_per_joule,co2_micrograms
decision-tree-soybean-un-formula_0.8_2021_atleast_15_max-3_reduced_incomplete_tree,2,400,98.3644677844658,401.138277,0.245213,54153.6674
decision-tree-soybean-un-formula_0.8_2021_atleast_15_max-3_reduced_incomplete_tree,3,400,98.9419107911748,455.39271,0.217267,61478.0158
decision-tree-soybean-un-formula_0.8_2021_atleast_15_max-3_reduced_incomplete_tree,0,400,98.85401484217672,454.456228,0.217522,61351.5908
decision-tree-soybean-un-formula_0.8_2021_atleast_15_max-3_reduced_incomplete_tree,1,400,98.94747382592152,457.769029,0.216152,61798.8189
decision-tree-soybean-un-formula_0.8_2021_atleast_15_max-3_reduced_incomplete_tree,0,1000,99.96773439846903,3589.75952,0.027848,484617.5352
decision-tree-soybean-un-formula_0.8_2021_atleast_15_max-3_reduced_incomplete_tree,2,1000,99.9376940108368,3656.30336,0.027333,493600.9536
decision-tree-soybean-un-formula_0.8_2021_atleast_15_max-3_reduced_incomplete_tree,1,1000,99.97218482626644,3574.543722,0.027968,482563.4025
decision-tree-soybean-un-formula_0.8_2021_atleast_15_max-3_reduced_incomplete_tree,3,1000,99.99332435830394,3681.433512,0.027162,496993.5241
decision-tree-soybean-un-formula_0.8_2021_atleast_15_max-3_reduced_incomplete_tree,3,2000,99.97997307491184,2801.844567,0.035684,378249.0165
decision-tree-soybean-un-formula_0.8_2021_atleast_15_max-3_reduced_incomplete_tree,2,2000,99.9766352540638,2936.834007,0.034042,396472.5909
decision-tree-soybean-un-formula_0.8_2021_atleast_15_max-3_reduced_incomplete_tree,1,2000,99.98553610965854,2917.83777,0.034267,393908.099
decision-tree-soybean-un-formula_0.8_2021_atleast_15_max-3_reduced_incomplete_tree,0,2000,99.97218482626644,3095.530671,0.032296,417896.6406
decision-tree-soybean-un-formula_0.8_2021_atleast_15_max-3_reduced_incomplete_tree,4,400,98.8206366336964,414.644393,0.238326,55976.9931
decision-tree-soybean-un-formula_0.8_2021_atleast_15_max-3_reduced_incomplete_tree,6,400,98.68601119282592,433.233381,0.227789,58486.5064
decision-tree-soybean-un-formula_0.8_2021_atleast_15_max-3_reduced_incomplete_tree,5,400,98.7583306445332,434.407019,0.227341,58644.9476
decision-tree-soybean-un-formula_0.8_2021_atleast_15_max-3_reduced_incomplete_tree,7,400,98.30661222309996,415.77499,0.236442,56129.6237
decision-tree-soybean-un-formula_0.8_2021_atleast_15_max-3_reduced_incomplete_tree,6,1000,99.93213097609008,3132.901,0.031898,422941.635
decision-tree-soybean-un-formula_0.8_2021_atleast_15_max-3_reduced_incomplete_tree,4,1000,99.91877969269795,3107.631761,0.032153,419530.2877
decision-tree-soybean-un-formula_0.8_2021_atleast_15_max-3_reduced_incomplete_tree,5,1000,99.94214443863416,3289.887745,0.030379,444134.8456
decision-tree-soybean-un-formula_0.8_2021_atleast_15_max-3_reduced_incomplete_tree,7,1000,99.94103183168482,3455.847246,0.028919,466539.3782
decision-tree-soybean-un-formula_0.8_2021_atleast_15_max-3_reduced_incomplete_tree,6,2000,99.93213097609008,2824.182179,0.035384,381264.5942
decision-tree-soybean-un-formula_0.8_2021_atleast_15_max-3_reduced_incomplete_tree,4,2000,99.95438311507694,2997.659845,0.033344,404684.0791
decision-tree-soybean-un-formula_0.8_2021_atleast_15_max-3_reduced_incomplete_tree,5,2000,99.94993268727956,2917.936654,0.034254,393921.4483
decision-tree-soybean-un-formula_0.8_2021_atleast_15_max-3_reduced_incomplete_tree,7,2000,99.94770747338087,2831.256847,0.035302,382219.6743
decision-tree-soybean-un-formula_0.8_2021_atleast_15_max-3_reduced_incomplete_tree,8,400,98.97862682050312,447.780244,0.221043,60450.3329
decision-tree-soybean-un-formula_0.8_2021_atleast_15_max-3_reduced_incomplete_tree,9,400,98.6003404577265,402.09779,0.245215,54283.2017
min-fill-MinFill_R0_myciel5,0,400,94.04595368059177,445.911095,0.210907,60197.9978
min-fill-MinFill_R0_myciel5,1,400,94.09898419142186,431.902487,0.217871,58306.8357
min-fill-MinFill_R0_myciel5,0,1000,95.06816249279974,1031.484011,0.092166,139250.3415
min-fill-MinFill_R0_myciel5,1,1000,95.21628219546317,1009.154397,0.094353,136235.8436
decision-tree-soybean-un-formula_0.8_2021_atleast_15_max-3_reduced_incomplete_tree,9,1000,99.93991922473548,2848.008743,0.035091,384481.1803
decision-tree-soybean-un-formula_0.8_2021_atleast_15_max-3_reduced_incomplete_tree,8,1000,99.95549572202628,2917.506113,0.034261,393863.3253
min-fill-MinFill_R0_myciel5,0,2000,95.89836428303664,2049.648363,0.046788,276702.529
min-fill-MinFill_R0_myciel5,1,2000,95.95139479386675,2017.873895,0.047551,272412.9758
min-fill-MinFill_R0_myciel5,2,400,93.99932340382732,424.267734,0.221557,57276.1441
min-fill-MinFill_R0_myciel5,3,400,93.90240557368956,434.525935,0.216103,58661.0012
decision-tree-soybean-un-formula_0.8_2021_atleast_15_max-3_reduced_incomplete_tree,8,2000,99.95549572202628,2470.597405,0.040458,333530.6497
decision-tree-soybean-un-formula_0.8_2021_atleast_15_max-3_reduced_incomplete_tree,9,2000,99.96550918457037,2515.986934,0.039732,339658.2361
min-fill-MinFill_R0_myciel5,2,1000,95.0946777482148,1022.599189,0.092993,138050.8905
min-fill-MinFill_R0_myciel5,5,400,94.385166086074,439.262197,0.214872,59300.3966
min-fill-MinFill_R0_myciel5,4,400,94.18401587258047,442.591017,0.212801,59749.7873
min-fill-MinFill_R0_myciel5,3,1000,95.19342421665706,1047.515134,0.090875,141414.5431
min-fill-MinFill_R0_myciel5,5,1000,95.53720821790054,1031.029462,0.092662,139188.9774
min-fill-MinFill_R0_myciel5,4,1000,95.38908851523712,1045.21657,0.091263,141104.237
min-fill-MinFill_R0_myciel5,2,2000,96.02271168774172,2018.228322,0.047578,272460.8235
min-fill-MinFill_R0_myciel5,3,2000,95.97973868758628,2044.860951,0.046937,276056.2284
min-fill-MinFill_R0_myciel5,6,400,93.88777646725366,408.505822,0.229832,55148.286
min-fill-MinFill_R0_myciel5,7,400,93.73599948798127,417.812727,0.224349,56404.7181
min-fill-MinFill_R0_myciel5,4,2000,96.02271168774172,2026.964395,0.047373,273640.1933
min-fill-MinFill_R0_myciel5,5,2000,96.053798538918,2065.783056,0.046498,278880.7126
min-fill-MinFill_R0_myciel5,6,1000,94.83409678982544,1022.729512,0.092726,138068.4841
min-fill-MinFill_R0_myciel5,8,400,94.09441259566064,407.788008,0.230743,55051.3811
min-fill-MinFill_R0_myciel5,7,1000,95.10656389719396,1025.436724,0.092747,138433.9577
min-fill-MinFill_R0_myciel5,9,400,93.9627506377376,436.956662,0.215039,58989.1494
min-fill-MinFill_R0_myciel5,8,1000,95.13399347176126,1011.580673,0.094045,136563.3909
min-fill-MinFill_R0_myciel5,9,1000,95.15319417395835,1077.642747,0.088298,145481.7708
min-fill-MinFill_R0_myciel5,6,2000,95.93219409166964,2029.98742,0.047258,274048.3017
min-fill-MinFill_R0_myciel5,7,2000,95.83253330407511,2025.030028,0.047324,273379.0538
decision-tree-car-un-formula_0.8_2021_atleast_15_max-3_reduced_incomplete_tree,0,400,98.50501201977592,405.393052,0.242986,54728.062
decision-tree-car-un-formula_0.8_2021_atleast_15_max-3_reduced_incomplete_tree,1,400,97.75661087676328,413.080426,0.236653,55765.8575
min-fill-MinFill_R0_myciel5,8,2000,96.05471285807025,2040.118959,0.047083,275416.0595
min-fill-MinFill_R0_myciel5,9,2000,95.99528211317444,2003.200511,0.047921,270432.069
decision-tree-car-un-formula_0.8_2021_atleast_15_max-3_reduced_incomplete_tree,0,1000,98.61296321494989,1004.526316,0.098169,135611.0527
decision-tree-car-un-formula_0.8_2021_atleast_15_max-3_reduced_incomplete_tree,2,400,98.57486279312378,419.818496,0.234804,56675.497
decision-tree-car-un-formula_0.8_2021_atleast_15_max-3_reduced_incomplete_tree,3,400,98.06413571007393,410.402231,0.238946,55404.3012
decision-tree-car-un-formula_0.8_2021_atleast_15_max-3_reduced_incomplete_tree,1,1000,99.60448133532908,4569.169322,0.021799,616837.8585
decision-tree-car-un-formula_0.8_2021_atleast_15_max-3_reduced_incomplete_tree,0,2000,99.67523926157754,5466.852988,0.018233,738025.1534
decision-tree-car-un-formula_0.8_2021_atleast_15_max-3_reduced_incomplete_tree,3,1000,99.50197305755886,5297.667391,0.018782,715185.0978
decision-tree-car-un-formula_0.8_2021_atleast_15_max-3_reduced_incomplete_tree,2,1000,99.66253912096884,5587.304944,0.017837,754286.1674
decision-tree-car-un-formula_0.8_2021_atleast_15_max-3_reduced_incomplete_tree,4,400,96.67437746632194,409.100981,0.236309,55228.6324
decision-tree-car-un-formula_0.8_2021_atleast_15_max-3_reduced_incomplete_tree,1,2000,99.69701093119244,5434.618289,0.018345,733673.469
decision-tree-car-un-formula_0.8_2021_atleast_15_max-3_reduced_incomplete_tree,5,400,97.77203247607385,408.849244,0.23914,55194.6479
decision-tree-car-un-formula_0.8_2021_atleast_15_max-3_reduced_incomplete_tree,4,1000,99.57454528960857,4658.143515,0.021376,628849.3745
decision-tree-car-un-formula_0.8_2021_atleast_15_max-3_reduced_incomplete_tree,3,2000,99.67886787318002,5104.160998,0.019529,689061.7347
decision-tree-car-un-formula_0.8_2021_atleast_15_max-3_reduced_incomplete_tree,2,2000,99.70517530729803,5281.589588,0.018878,713014.5944
decision-tree-car-un-formula_0.8_2021_atleast_15_max-3_reduced_incomplete_tree,6,400,98.56216265251508,423.681798,0.232633,57197.0427
decision-tree-car-un-formula_0.8_2021_atleast_15_max-3_reduced_incomplete_tree,7,400,97.75207511226016,410.030904,0.238402,55354.172
decision-tree-car-un-formula_0.8_2021_atleast_15_max-3_reduced_incomplete_tree,6,1000,98.60570599174493,1041.559923,0.094671,140610.5896
decision-tree-car-un-formula_0.8_2021_atleast_15_max-3_reduced_incomplete_tree,7,1000,98.6011702272418,1045.555602,0.094305,141150.0063
decision-tree-car-un-formula_0.8_2021_atleast_15_max-3_reduced_incomplete_tree,5,1000,99.61264571143468,5062.480474,0.019677,683434.864
decision-tree-car-un-formula_0.8_2021_atleast_15_max-3_reduced_incomplete_tree,4,2000,99.68521794348436,5206.625245,0.019146,702894.4081
decision-tree-car-un-formula_0.8_2021_atleast_15_max-3_reduced_incomplete_tree,8,400,96.25436567333423,402.118086,0.239368,54285.9416
decision-tree-car-un-formula_0.8_2021_atleast_15_max-3_reduced_incomplete_tree,6,2000,99.652560439062,5863.618549,0.016995,791588.5041
decision-tree-car-un-formula_0.8_2021_atleast_15_max-3_reduced_incomplete_tree,7,2000,99.65891050936636,6010.80455,0.01658,811458.6142
decision-tree-car-un-formula_0.8_2021_atleast_15_max-3_reduced_incomplete_tree,9,400,96.29428040096158,411.375706,0.234079,55535.7203
decision-tree-vote-un-formula_0.8_2021_atleast_15_max-3_reduced_incomplete_tree,0,400,99.0444350510446,431.059995,0.229769,58193.0993
decision-tree-car-un-formula_0.8_2021_atleast_15_max-3_reduced_incomplete_tree,5,2000,99.67251780287567,5275.816256,0.018892,712235.1946
decision-tree-vote-un-formula_0.8_2021_atleast_15_max-3_reduced_incomplete_tree,1,400,99.1007954501787,444.639184,0.222879,60026.2898
decision-tree-car-un-formula_0.8_2021_atleast_15_max-3_reduced_incomplete_tree,8,1000,99.5418877851862,5231.297424,0.019028,706225.1522
decision-tree-vote-un-formula_0.8_2021_atleast_15_max-3_reduced_incomplete_tree,0,1000,99.99871908183786,2568.66543,0.03893,346769.833
decision-tree-vote-un-formula_0.8_2021_atleast_15_max-3_reduced_incomplete_tree,1,1000,99.99871908183786,2708.733161,0.036917,365678.9767
decision-tree-car-un-formula_0.8_2021_atleast_15_max-3_reduced_incomplete_tree,9,1000,99.6017598766272,5035.586378,0.01978,679804.161
decision-tree-vote-un-formula_0.8_2021_atleast_15_max-3_reduced_incomplete_tree,0,2000,99.99871908183786,2271.390589,0.044025,306637.7295
decision-tree-vote-un-formula_0.8_2021_atleast_15_max-3_reduced_incomplete_tree,2,400,98.79465600942756,409.155755,0.24146,55236.0269
decision-tree-vote-un-formula_0.8_2021_atleast_15_max-3_reduced_incomplete_tree,1,2000,99.99871908183786,2222.959261,0.044985,300099.5002
decision-tree-vote-un-formula_0.8_2021_atleast_15_max-3_reduced_incomplete_tree,3,400,98.99063648823476,401.71728,0.246419,54231.8328
decision-tree-car-un-formula_0.8_2021_atleast_15_max-3_reduced_incomplete_tree,8,2000,99.59540980632286,5407.318758,0.018419,729988.0323
decision-tree-vote-un-formula_0.8_2021_atleast_15_max-3_reduced_incomplete_tree,4,400,99.05724423266598,418.539233,0.236674,56502.7965
decision-tree-vote-un-formula_0.8_2021_atleast_15_max-3_reduced_incomplete_tree,2,1000,99.95516786432516,2719.142422,0.03676,367084.227
decision-tree-vote-un-formula_0.8_2021_atleast_15_max-3_reduced_incomplete_tree,3,1000,99.99871908183786,3167.521765,0.03157,427615.4383
decision-tree-car-un-formula_0.8_2021_atleast_15_max-3_reduced_incomplete_tree,9,2000,99.69338231958996,6119.805304,0.01629,826173.716
decision-tree-vote-un-formula_0.8_2021_atleast_15_max-3_reduced_incomplete_tree,2,2000,99.96797704594654,2317.91524,0.043128,312918.5574
decision-tree-vote-un-formula_0.8_2021_atleast_15_max-3_reduced_incomplete_tree,4,1000,99.99359540918933,3009.486273,0.033226,406280.6469
decision-tree-vote-un-formula_0.8_2021_atleast_15_max-3_reduced_incomplete_tree,5,400,98.9688608794784,413.284019,0.239469,55793.3426
decision-tree-vote-un-formula_0.8_2021_atleast_15_max-3_reduced_incomplete_tree,3,2000,99.99231449102716,2170.857855,0.046061,293065.8104
decision-tree-vote-un-formula_0.8_2021_atleast_15_max-3_reduced_incomplete_tree,4,2000,99.9833480638922,2106.614744,0.047462,284392.9904
decision-tree-vote-un-formula_0.8_2021_atleast_15_max-3_reduced_incomplete_tree,6,400,99.87575093827256,2528.127766,0.039506,341297.2484
decision-tree-vote-un-formula_0.8_2021_atleast_15_max-3_reduced_incomplete_tree,5,1000,99.92442582843384,2484.182268,0.040224,335364.6062
decision-tree-vote-un-formula_0.8_2021_atleast_15_max-3_reduced_incomplete_tree,8,400,98.98679373374836,428.834494,0.230827,57892.6567
decision-tree-vote-un-formula_0.8_2021_atleast_15_max-3_reduced_incomplete_tree,7,400,99.87318910194828,2381.188303,0.041943,321460.4209
decision-tree-vote-un-formula_0.8_2021_atleast_15_max-3_reduced_incomplete_tree,6,1000,99.99871908183786,2221.101263,0.045022,299848.6705
decision-tree-vote-un-formula_0.8_2021_atleast_15_max-3_reduced_incomplete_tree,5,2000,99.99231449102716,2264.064358,0.044165,305648.6883
decision-tree-vote-un-formula_0.8_2021_atleast_15_max-3_reduced_incomplete_tree,8,1000,99.97822439124364,2730.95872,0.036609,368679.4272
decision-tree-vote-un-formula_0.8_2021_atleast_15_max-3_reduced_incomplete_tree,7,1000,99.99871908183786,2284.095296,0.04378,308352.865
decision-tree-vote-un-formula_0.8_2021_atleast_15_max-3_reduced_incomplete_tree,6,2000,99.99871908183786,2168.024949,0.046124,292683.3681
decision-tree-vote-un-formula_0.8_2021_atleast_15_max-3_reduced_incomplete_tree,8,2000,99.97822439124364,2162.187917,0.046239,291895.3688
decision-tree-vote-un-formula_0.8_2021_atleast_15_max-3_reduced_incomplete_tree,9,400,99.8744700201104,2449.140564,0.040779,330633.9761
decision-tree-vote-un-formula_0.8_2021_atleast_15_max-3_reduced_incomplete_tree,7,2000,99.99871908183786,2283.356686,0.043795,308253.1526
decision-tree-vote-un-formula_0.8_2021_atleast_15_max-3_reduced_incomplete_tree,9,1000,99.99871908183786,1568.20859,0.063766,211708.1597
decision-tree-vote-un-formula_0.8_2021_atleast_15_max-3_reduced_incomplete_tree,9,2000,99.99871908183786,2012.469327,0.04969,271683.3591
