instance,budget_j,qualite_pct,energie_joules,budget_utilise_pct,score_per_joule,co2_micrograms,pheromone_savings_pct,stopped_reason,nb_iterations,variant
decision-tree-soybean-un-formula_0.8_2021_atleast_15_max-3_reduced_incomplete_tree,400,90.92,410.971068,102.74,0.221232,55481.0942,0.0,budget_exhausted,9,green_rss_baseline
decision-tree-soybean-un-formula_0.8_2021_atleast_15_max-3_reduced_incomplete_tree,1000,91.5219,1004.770555,100.48,0.091087,135644.0249,0.0,budget_exhausted,22,green_rss_baseline
decision-tree-soybean-un-formula_0.8_2021_atleast_15_max-3_reduced_incomplete_tree,2000,91.5531,2010.051839,100.5,0.045548,271356.9983,0.0,budget_exhausted,46,green_rss_baseline
min-fill-MinFill_R0_myciel5,400,93.0119,405.829932,101.46,0.229189,54787.0408,0.0,budget_exhausted,9,green_rss_baseline
min-fill-MinFill_R0_myciel5,1000,93.0594,1004.311416,100.43,0.09266,135582.0412,0.0,budget_exhausted,23,green_rss_baseline
min-fill-MinFill_R0_myciel5,2000,93.0713,2010.538112,100.53,0.046292,271422.6451,0.0,budget_exhausted,46,green_rss_baseline
decision-tree-car-un-formula_0.8_2021_atleast_15_max-3_reduced_incomplete_tree,400,85.7758,410.392567,102.6,0.209009,55402.9965,0.0,budget_exhausted,9,green_rss_baseline
decision-tree-car-un-formula_0.8_2021_atleast_15_max-3_reduced_incomplete_tree,1000,85.7904,1013.254492,101.33,0.084668,136789.3564,0.0,budget_exhausted,23,green_rss_baseline
decision-tree-car-un-formula_0.8_2021_atleast_15_max-3_reduced_incomplete_tree,2000,85.8511,2000.83043,100.04,0.042908,270112.108,0.0,budget_exhausted,45,green_rss_baseline
decision-tree-vote-un-formula_0.8_2021_atleast_15_max-3_reduced_incomplete_tree,400,95.1991,406.017655,101.5,0.23447,54812.3834,0.0,budget_exhausted,9,green_rss_baseline
decision-tree-vote-un-formula_0.8_2021_atleast_15_max-3_reduced_incomplete_tree,1000,95.2158,1013.750009,101.38,0.093924,136856.2512,0.0,budget_exhausted,24,green_rss_baseline
decision-tree-vote-un-formula_0.8_2021_atleast_15_max-3_reduced_incomplete_tree,2000,95.7781,2007.893725,100.39,0.047701,271065.6529,0.0,budget_exhausted,40,green_rss_baseline
