benchmark,n_vars,n_clauses,operator,regime,mean_cost_j,std_cost_j,mean_df,std_df,n_runs,profile_source,proxy_of,match_log_dist
decision-tree-soybean-un-formula_0.8_2021_atleast_15_max-3_reduced_incomplete_tree,10503,89879,walksat,easy,32.9,5.7,965.9,417.1,20,real,,
decision-tree-soybean-un-formula_0.8_2021_atleast_15_max-3_reduced_incomplete_tree,10503,89879,walksat,hard,27.0,0.9,33.9,93.5,20,real,,
decision-tree-soybean-un-formula_0.8_2021_atleast_15_max-3_reduced_incomplete_tree,10503,89879,focused_vns,easy,16.8,0.3,430.2,0.4,20,real,,
decision-tree-soybean-un-formula_0.8_2021_atleast_15_max-3_reduced_incomplete_tree,10503,89879,focused_vns,hard,16.6,0.3,0.0,0.0,20,real,,
decision-tree-soybean-un-formula_0.8_2021_atleast_15_max-3_reduced_incomplete_tree,10503,89879,clause_restart_greedy,easy,790.1,303.3,2572.4,878.9,20,real,,
decision-tree-soybean-un-formula_0.8_2021_atleast_15_max-3_reduced_incomplete_tree,10503,89879,clause_restart_greedy,hard,506.9,25.0,636.4,16.9,20,real,,
min-fill-MinFill_R0_myciel5,15416,109371,walksat,easy,44.3,5.8,47.6,18.4,20,real,,
min-fill-MinFill_R0_myciel5,15416,109371,walksat,hard,46.5,10.3,5.7,4.7,20,real,,
min-fill-MinFill_R0_myciel5,15416,109371,focused_vns,easy,18.3,0.7,16.5,6.6,20,real,,
min-fill-MinFill_R0_myciel5,15416,109371,focused_vns,hard,26.8,18.3,0.3,0.7,20,real,,
min-fill-MinFill_R0_myciel5,15416,109371,clause_restart_greedy,easy,3213.1,182.6,1326.8,80.4,20,real,,
min-fill-MinFill_R0_myciel5,15416,109371,clause_restart_greedy,hard,3660.5,524.8,1124.5,169.3,20,real,,
decision-tree-car-un-formula_0.8_2021_atleast_15_max-3_reduced_incomplete_tree,5959,110235,walksat,easy,35.0,2.1,2194.0,1193.1,20,real,,
decision-tree-car-un-formula_0.8_2021_atleast_15_max-3_reduced_incomplete_tree,5959,110235,walksat,hard,30.1,1.9,9.7,1.3,20,real,,
decision-tree-car-un-formula_0.8_2021_atleast_15_max-3_reduced_incomplete_tree,5959,110235,focused_vns,easy,17.2,0.4,884.8,197.8,20,real,,
decision-tree-car-un-formula_0.8_2021_atleast_15_max-3_reduced_incomplete_tree,5959,110235,focused_vns,hard,17.1,0.5,0.0,0.0,20,real,,
decision-tree-car-un-formula_0.8_2021_atleast_15_max-3_reduced_incomplete_tree,5959,110235,clause_restart_greedy,easy,1107.4,109.8,1894.3,697.4,20,real,,
decision-tree-car-un-formula_0.8_2021_atleast_15_max-3_reduced_incomplete_tree,5959,110235,clause_restart_greedy,hard,1033.4,34.4,1164.0,0.0,20,real,,
decision-tree-vote-un-formula_0.8_2021_atleast_15_max-3_reduced_incomplete_tree,9973,78069,walksat,easy,29.3,1.0,934.0,281.1,20,real,,
decision-tree-vote-un-formula_0.8_2021_atleast_15_max-3_reduced_incomplete_tree,9973,78069,walksat,hard,26.2,1.1,23.1,40.0,20,real,,
decision-tree-vote-un-formula_0.8_2021_atleast_15_max-3_reduced_incomplete_tree,9973,78069,focused_vns,easy,16.4,0.3,242.3,24.3,20,real,,
decision-tree-vote-un-formula_0.8_2021_atleast_15_max-3_reduced_incomplete_tree,9973,78069,focused_vns,hard,16.2,0.2,0.0,0.0,20,real,,
decision-tree-vote-un-formula_0.8_2021_atleast_15_max-3_reduced_incomplete_tree,9973,78069,clause_restart_greedy,easy,586.3,111.0,2323.5,1282.9,20,real,,
decision-tree-vote-un-formula_0.8_2021_atleast_15_max-3_reduced_incomplete_tree,9973,78069,clause_restart_greedy,hard,377.1,45.7,505.1,34.9,20,real,,
frb-frb40-19-2.partial,760,42127,walksat,easy,18.8,0.3,4.5,1.2,20,real,,
frb-frb40-19-2.partial,760,42127,walksat,hard,18.9,0.3,5.3,1.8,20,real,,
frb-frb40-19-2.partial,760,42127,focused_vns,easy,14.7,0.1,1.0,0.0,20,real,,
frb-frb40-19-2.partial,760,42127,focused_vns,hard,14.9,0.8,1.0,0.0,20,real,,
frb-frb40-19-2.partial,760,42127,clause_restart_greedy,easy,56.1,2.0,5.0,0.0,20,real,,
frb-frb40-19-2.partial,760,42127,clause_restart_greedy,hard,89.3,92.6,5.0,0.0,20,real,,
frb-frb40-19-4.partial,760,42485,walksat,easy,19.2,1.3,4.8,1.4,20,real,,
frb-frb40-19-4.partial,760,42485,walksat,hard,19.1,1.2,4.5,1.4,20,real,,
frb-frb40-19-4.partial,760,42485,focused_vns,easy,15.0,1.0,1.0,0.0,20,real,,
frb-frb40-19-4.partial,760,42485,focused_vns,hard,14.9,0.6,1.0,0.0,20,real,,
frb-frb40-19-4.partial,760,42485,clause_restart_greedy,easy,56.2,1.9,5.0,0.0,20,real,,
frb-frb40-19-4.partial,760,42485,clause_restart_greedy,hard,55.8,2.4,5.0,0.0,20,real,,
gen-hyper-tw-GenHyperTW_grid4d_3,42065,118649,walksat,easy,41.5,2.7,33.0,13.3,20,real,,
gen-hyper-tw-GenHyperTW_grid4d_3,42065,118649,walksat,hard,40.8,2.4,8.8,3.6,20,real,,
gen-hyper-tw-GenHyperTW_grid4d_3,42065,118649,focused_vns,easy,18.6,0.4,17.2,5.1,20,real,,
gen-hyper-tw-GenHyperTW_grid4d_3,42065,118649,focused_vns,hard,18.9,0.7,0.9,1.4,20,real,,
gen-hyper-tw-GenHyperTW_grid4d_3,42065,118649,clause_restart_greedy,easy,9767.6,277.2,3637.7,189.4,20,real,,
gen-hyper-tw-GenHyperTW_grid4d_3,42065,118649,clause_restart_greedy,hard,9784.3,152.5,3075.4,278.1,20,real,,
gen-hyper-tw-GenHyperTW_b01,55117,170612,walksat,easy,41.5,2.7,33.0,13.3,0,proxy,gen-hyper-tw-GenHyperTW_grid4d_3,0.458
gen-hyper-tw-GenHyperTW_b01,55117,170612,walksat,hard,40.8,2.4,8.8,3.6,0,proxy,gen-hyper-tw-GenHyperTW_grid4d_3,0.458
gen-hyper-tw-GenHyperTW_b01,55117,170612,focused_vns,easy,18.6,0.4,17.2,5.1,0,proxy,gen-hyper-tw-GenHyperTW_grid4d_3,0.458
gen-hyper-tw-GenHyperTW_b01,55117,170612,focused_vns,hard,18.9,0.7,0.9,1.4,0,proxy,gen-hyper-tw-GenHyperTW_grid4d_3,0.458
gen-hyper-tw-GenHyperTW_b01,55117,170612,clause_restart_greedy,easy,9767.6,277.2,3637.7,189.4,0,proxy,gen-hyper-tw-GenHyperTW_grid4d_3,0.458
gen-hyper-tw-GenHyperTW_b01,55117,170612,clause_restart_greedy,hard,9784.3,152.5,3075.4,278.1,0,proxy,gen-hyper-tw-GenHyperTW_grid4d_3,0.458
min-fill-MinFill_R3_david,9048,55736,walksat,easy,44.3,5.8,47.6,18.4,0,proxy,min-fill-MinFill_R0_myciel5,0.868
min-fill-MinFill_R3_david,9048,55736,walksat,hard,46.5,10.3,5.7,4.7,0,proxy,min-fill-MinFill_R0_myciel5,0.868
min-fill-MinFill_R3_david,9048,55736,focused_vns,easy,18.3,0.7,16.5,6.6,0,proxy,min-fill-MinFill_R0_myciel5,0.868
min-fill-MinFill_R3_david,9048,55736,focused_vns,hard,26.8,18.3,0.3,0.7,0,proxy,min-fill-MinFill_R0_myciel5,0.868
min-fill-MinFill_R3_david,9048,55736,clause_restart_greedy,easy,3213.1,182.6,1326.8,80.4,0,proxy,min-fill-MinFill_R0_myciel5,0.868
min-fill-MinFill_R3_david,9048,55736,clause_restart_greedy,hard,3660.5,524.8,1124.5,169.3,0,proxy,min-fill-MinFill_R0_myciel5,0.868
min-fill-MinFill_R0_queen9_9,52407,431736,walksat,easy,41.5,2.7,33.0,13.3,0,proxy,gen-hyper-tw-GenHyperTW_grid4d_3,1.5799
min-fill-MinFill_R0_queen9_9,52407,431736,walksat,hard,40.8,2.4,8.8,3.6,0,proxy,gen-hyper-tw-GenHyperTW_grid4d_3,1.5799
min-fill-MinFill_R0_queen9_9,52407,431736,focused_vns,easy,18.6,0.4,17.2,5.1,0,proxy,gen-hyper-tw-GenHyperTW_grid4d_3,1.5799
min-fill-MinFill_R0_queen9_9,52407,431736,focused_vns,hard,18.9,0.7,0.9,1.4,0,proxy,gen-hyper-tw-GenHyperTW_grid4d_3,1.5799
min-fill-MinFill_R0_queen9_9,52407,431736,clause_restart_greedy,easy,9767.6,277.2,3637.7,189.4,0,proxy,gen-hyper-tw-GenHyperTW_grid4d_3,1.5799
min-fill-MinFill_R0_queen9_9,52407,431736,clause_restart_greedy,hard,9784.3,152.5,3075.4,278.1,0,proxy,gen-hyper-tw-GenHyperTW_grid4d_3,1.5799
ramsey-ram_k3_n10.ra0,45,330,walksat,easy,18.8,0.3,4.5,1.2,0,proxy,frb-frb40-19-2.partial,5.9177
ramsey-ram_k3_n10.ra0,45,330,walksat,hard,18.9,0.3,5.3,1.8,0,proxy,frb-frb40-19-2.partial,5.9177
ramsey-ram_k3_n10.ra0,45,330,focused_vns,easy,14.7,0.1,1.0,0.0,0,proxy,frb-frb40-19-2.partial,5.9177
ramsey-ram_k3_n10.ra0,45,330,focused_vns,hard,14.9,0.8,1.0,0.0,0,proxy,frb-frb40-19-2.partial,5.9177
ramsey-ram_k3_n10.ra0,45,330,clause_restart_greedy,easy,56.1,2.0,5.0,0.0,0,proxy,frb-frb40-19-2.partial,5.9177
ramsey-ram_k3_n10.ra0,45,330,clause_restart_greedy,hard,89.3,92.6,5.0,0.0,0,proxy,frb-frb40-19-2.partial,5.9177
ramsey-ram_k3_n16.ra0,120,2380,walksat,easy,18.8,0.3,4.5,1.2,0,proxy,frb-frb40-19-2.partial,3.5538
ramsey-ram_k3_n16.ra0,120,2380,walksat,hard,18.9,0.3,5.3,1.8,0,proxy,frb-frb40-19-2.partial,3.5538
ramsey-ram_k3_n16.ra0,120,2380,focused_vns,easy,14.7,0.1,1.0,0.0,0,proxy,frb-frb40-19-2.partial,3.5538
ramsey-ram_k3_n16.ra0,120,2380,focused_vns,hard,14.9,0.8,1.0,0.0,0,proxy,frb-frb40-19-2.partial,3.5538
ramsey-ram_k3_n16.ra0,120,2380,clause_restart_greedy,easy,56.1,2.0,5.0,0.0,0,proxy,frb-frb40-19-2.partial,3.5538
ramsey-ram_k3_n16.ra0,120,2380,clause_restart_greedy,hard,89.3,92.6,5.0,0.0,0,proxy,frb-frb40-19-2.partial,3.5538
close_solutions-SAT04__industrial__velev__pipe-sat-1-1__12pipe_bug4_q0.used-as.sat04-723.cnf.8,138563,4813604,walksat,easy,32.9,5.7,965.9,417.1,0,proxy,decision-tree-soybean-un-formula_0.8_2021_atleast_15_max-3_reduced_incomplete_tree,4.9234
close_solutions-SAT04__industrial__velev__pipe-sat-1-1__12pipe_bug4_q0.used-as.sat04-723.cnf.8,138563,4813604,walksat,hard,27.0,0.9,33.9,93.5,0,proxy,decision-tree-soybean-un-formula_0.8_2021_atleast_15_max-3_reduced_incomplete_tree,4.9234
close_solutions-SAT04__industrial__velev__pipe-sat-1-1__12pipe_bug4_q0.used-as.sat04-723.cnf.8,138563,4813604,focused_vns,easy,16.8,0.3,430.2,0.4,0,proxy,decision-tree-soybean-un-formula_0.8_2021_atleast_15_max-3_reduced_incomplete_tree,4.9234
close_solutions-SAT04__industrial__velev__pipe-sat-1-1__12pipe_bug4_q0.used-as.sat04-723.cnf.8,138563,4813604,focused_vns,hard,16.6,0.3,0.0,0.0,0,proxy,decision-tree-soybean-un-formula_0.8_2021_atleast_15_max-3_reduced_incomplete_tree,4.9234
close_solutions-SAT04__industrial__velev__pipe-sat-1-1__12pipe_bug4_q0.used-as.sat04-723.cnf.8,138563,4813604,clause_restart_greedy,easy,790.1,303.3,2572.4,878.9,0,proxy,decision-tree-soybean-un-formula_0.8_2021_atleast_15_max-3_reduced_incomplete_tree,4.9234
close_solutions-SAT04__industrial__velev__pipe-sat-1-1__12pipe_bug4_q0.used-as.sat04-723.cnf.8,138563,4813604,clause_restart_greedy,hard,506.9,25.0,636.4,16.9,0,proxy,decision-tree-soybean-un-formula_0.8_2021_atleast_15_max-3_reduced_incomplete_tree,4.9234
CircuitDebuggingProblems-spi-debug.dimacs,608395,1928296,walksat,easy,32.9,5.7,965.9,417.1,0,proxy,decision-tree-soybean-un-formula_0.8_2021_atleast_15_max-3_reduced_incomplete_tree,5.154
CircuitDebuggingProblems-spi-debug.dimacs,608395,1928296,walksat,hard,27.0,0.9,33.9,93.5,0,proxy,decision-tree-soybean-un-formula_0.8_2021_atleast_15_max-3_reduced_incomplete_tree,5.154
CircuitDebuggingProblems-spi-debug.dimacs,608395,1928296,focused_vns,easy,16.8,0.3,430.2,0.4,0,proxy,decision-tree-soybean-un-formula_0.8_2021_atleast_15_max-3_reduced_incomplete_tree,5.154
CircuitDebuggingProblems-spi-debug.dimacs,608395,1928296,focused_vns,hard,16.6,0.3,0.0,0.0,0,proxy,decision-tree-soybean-un-formula_0.8_2021_atleast_15_max-3_reduced_incomplete_tree,5.154
CircuitDebuggingProblems-spi-debug.dimacs,608395,1928296,clause_restart_greedy,easy,790.1,303.3,2572.4,878.9,0,proxy,decision-tree-soybean-un-formula_0.8_2021_atleast_15_max-3_reduced_incomplete_tree,5.154
CircuitDebuggingProblems-spi-debug.dimacs,608395,1928296,clause_restart_greedy,hard,506.9,25.0,636.4,16.9,0,proxy,decision-tree-soybean-un-formula_0.8_2021_atleast_15_max-3_reduced_incomplete_tree,5.154
HaplotypeAssembly-splitedReads_0.matrix,12962,51450,walksat,easy,29.3,1.0,934.0,281.1,0,proxy,decision-tree-vote-un-formula_0.8_2021_atleast_15_max-3_reduced_incomplete_tree,0.7568
HaplotypeAssembly-splitedReads_0.matrix,12962,51450,walksat,hard,26.2,1.1,23.1,40.0,0,proxy,decision-tree-vote-un-formula_0.8_2021_atleast_15_max-3_reduced_incomplete_tree,0.7568
HaplotypeAssembly-splitedReads_0.matrix,12962,51450,focused_vns,easy,16.4,0.3,242.3,24.3,0,proxy,decision-tree-vote-un-formula_0.8_2021_atleast_15_max-3_reduced_incomplete_tree,0.7568
HaplotypeAssembly-splitedReads_0.matrix,12962,51450,focused_vns,hard,16.2,0.2,0.0,0.0,0,proxy,decision-tree-vote-un-formula_0.8_2021_atleast_15_max-3_reduced_incomplete_tree,0.7568
HaplotypeAssembly-splitedReads_0.matrix,12962,51450,clause_restart_greedy,easy,586.3,111.0,2323.5,1282.9,0,proxy,decision-tree-vote-un-formula_0.8_2021_atleast_15_max-3_reduced_incomplete_tree,0.7568
HaplotypeAssembly-splitedReads_0.matrix,12962,51450,clause_restart_greedy,hard,377.1,45.7,505.1,34.9,0,proxy,decision-tree-vote-un-formula_0.8_2021_atleast_15_max-3_reduced_incomplete_tree,0.7568
MaxSATQueriesinInterpretableClassifiers-toms_test_5_DNF_5_1,11902,453184,walksat,easy,35.0,2.1,2194.0,1193.1,0,proxy,decision-tree-car-un-formula_0.8_2021_atleast_15_max-3_reduced_incomplete_tree,1.7205
MaxSATQueriesinInterpretableClassifiers-toms_test_5_DNF_5_1,11902,453184,walksat,hard,30.1,1.9,9.7,1.3,0,proxy,decision-tree-car-un-formula_0.8_2021_atleast_15_max-3_reduced_incomplete_tree,1.7205
MaxSATQueriesinInterpretableClassifiers-toms_test_5_DNF_5_1,11902,453184,focused_vns,easy,17.2,0.4,884.8,197.8,0,proxy,decision-tree-car-un-formula_0.8_2021_atleast_15_max-3_reduced_incomplete_tree,1.7205
MaxSATQueriesinInterpretableClassifiers-toms_test_5_DNF_5_1,11902,453184,focused_vns,hard,17.1,0.5,0.0,0.0,0,proxy,decision-tree-car-un-formula_0.8_2021_atleast_15_max-3_reduced_incomplete_tree,1.7205
MaxSATQueriesinInterpretableClassifiers-toms_test_5_DNF_5_1,11902,453184,clause_restart_greedy,easy,1107.4,109.8,1894.3,697.4,0,proxy,decision-tree-car-un-formula_0.8_2021_atleast_15_max-3_reduced_incomplete_tree,1.7205
MaxSATQueriesinInterpretableClassifiers-toms_test_5_DNF_5_1,11902,453184,clause_restart_greedy,hard,1033.4,34.4,1164.0,0.0,0,proxy,decision-tree-car-un-formula_0.8_2021_atleast_15_max-3_reduced_incomplete_tree,1.7205
MaxSATQueriesinInterpretableClassifiers-toms_train_8_DNF_2_1,43518,1637994,walksat,easy,35.0,2.1,2194.0,1193.1,0,proxy,decision-tree-car-un-formula_0.8_2021_atleast_15_max-3_reduced_incomplete_tree,3.4209
MaxSATQueriesinInterpretableClassifiers-toms_train_8_DNF_2_1,43518,1637994,walksat,hard,30.1,1.9,9.7,1.3,0,proxy,decision-tree-car-un-formula_0.8_2021_atleast_15_max-3_reduced_incomplete_tree,3.4209
MaxSATQueriesinInterpretableClassifiers-toms_train_8_DNF_2_1,43518,1637994,focused_vns,easy,17.2,0.4,884.8,197.8,0,proxy,decision-tree-car-un-formula_0.8_2021_atleast_15_max-3_reduced_incomplete_tree,3.4209
MaxSATQueriesinInterpretableClassifiers-toms_train_8_DNF_2_1,43518,1637994,focused_vns,hard,17.1,0.5,0.0,0.0,0,proxy,decision-tree-car-un-formula_0.8_2021_atleast_15_max-3_reduced_incomplete_tree,3.4209
MaxSATQueriesinInterpretableClassifiers-toms_train_8_DNF_2_1,43518,1637994,clause_restart_greedy,easy,1107.4,109.8,1894.3,697.4,0,proxy,decision-tree-car-un-formula_0.8_2021_atleast_15_max-3_reduced_incomplete_tree,3.4209
MaxSATQueriesinInterpretableClassifiers-toms_train_8_DNF_2_1,43518,1637994,clause_restart_greedy,hard,1033.4,34.4,1164.0,0.0,0,proxy,decision-tree-car-un-formula_0.8_2021_atleast_15_max-3_reduced_incomplete_tree,3.4209
SeanSafarpour-rsdecoder4.dimacs.filtered,237783,933978,walksat,easy,32.9,5.7,965.9,417.1,0,proxy,decision-tree-soybean-un-formula_0.8_2021_atleast_15_max-3_reduced_incomplete_tree,3.9561
SeanSafarpour-rsdecoder4.dimacs.filtered,237783,933978,walksat,hard,27.0,0.9,33.9,93.5,0,proxy,decision-tree-soybean-un-formula_0.8_2021_atleast_15_max-3_reduced_incomplete_tree,3.9561
SeanSafarpour-rsdecoder4.dimacs.filtered,237783,933978,focused_vns,easy,16.8,0.3,430.2,0.4,0,proxy,decision-tree-soybean-un-formula_0.8_2021_atleast_15_max-3_reduced_incomplete_tree,3.9561
SeanSafarpour-rsdecoder4.dimacs.filtered,237783,933978,focused_vns,hard,16.6,0.3,0.0,0.0,0,proxy,decision-tree-soybean-un-formula_0.8_2021_atleast_15_max-3_reduced_incomplete_tree,3.9561
SeanSafarpour-rsdecoder4.dimacs.filtered,237783,933978,clause_restart_greedy,easy,790.1,303.3,2572.4,878.9,0,proxy,decision-tree-soybean-un-formula_0.8_2021_atleast_15_max-3_reduced_incomplete_tree,3.9561
SeanSafarpour-rsdecoder4.dimacs.filtered,237783,933978,clause_restart_greedy,hard,506.9,25.0,636.4,16.9,0,proxy,decision-tree-soybean-un-formula_0.8_2021_atleast_15_max-3_reduced_incomplete_tree,3.9561
SeanSafarpour-wb_4m8s4.dimacs.filtered,462440,1759150,walksat,easy,32.9,5.7,965.9,417.1,0,proxy,decision-tree-soybean-un-formula_0.8_2021_atleast_15_max-3_reduced_incomplete_tree,4.8624
SeanSafarpour-wb_4m8s4.dimacs.filtered,462440,1759150,walksat,hard,27.0,0.9,33.9,93.5,0,proxy,decision-tree-soybean-un-formula_0.8_2021_atleast_15_max-3_reduced_incomplete_tree,4.8624
SeanSafarpour-wb_4m8s4.dimacs.filtered,462440,1759150,focused_vns,easy,16.8,0.3,430.2,0.4,0,proxy,decision-tree-soybean-un-formula_0.8_2021_atleast_15_max-3_reduced_incomplete_tree,4.8624
SeanSafarpour-wb_4m8s4.dimacs.filtered,462440,1759150,focused_vns,hard,16.6,0.3,0.0,0.0,0,proxy,decision-tree-soybean-un-formula_0.8_2021_atleast_15_max-3_reduced_incomplete_tree,4.8624
SeanSafarpour-wb_4m8s4.dimacs.filtered,462440,1759150,clause_restart_greedy,easy,790.1,303.3,2572.4,878.9,0,proxy,decision-tree-soybean-un-formula_0.8_2021_atleast_15_max-3_reduced_incomplete_tree,4.8624
SeanSafarpour-wb_4m8s4.dimacs.filtered,462440,1759150,clause_restart_greedy,hard,506.9,25.0,636.4,16.9,0,proxy,decision-tree-soybean-un-formula_0.8_2021_atleast_15_max-3_reduced_incomplete_tree,4.8624
causal-discovery-causal_n6_i1_N500_uai13_harddeps_int,328107,1206162,walksat,easy,32.9,5.7,965.9,417.1,0,proxy,decision-tree-soybean-un-formula_0.8_2021_atleast_15_max-3_reduced_incomplete_tree,4.3702
causal-discovery-causal_n6_i1_N500_uai13_harddeps_int,328107,1206162,walksat,hard,27.0,0.9,33.9,93.5,0,proxy,decision-tree-soybean-un-formula_0.8_2021_atleast_15_max-3_reduced_incomplete_tree,4.3702
causal-discovery-causal_n6_i1_N500_uai13_harddeps_int,328107,1206162,focused_vns,easy,16.8,0.3,430.2,0.4,0,proxy,decision-tree-soybean-un-formula_0.8_2021_atleast_15_max-3_reduced_incomplete_tree,4.3702
causal-discovery-causal_n6_i1_N500_uai13_harddeps_int,328107,1206162,focused_vns,hard,16.6,0.3,0.0,0.0,0,proxy,decision-tree-soybean-un-formula_0.8_2021_atleast_15_max-3_reduced_incomplete_tree,4.3702
causal-discovery-causal_n6_i1_N500_uai13_harddeps_int,328107,1206162,clause_restart_greedy,easy,790.1,303.3,2572.4,878.9,0,proxy,decision-tree-soybean-un-formula_0.8_2021_atleast_15_max-3_reduced_incomplete_tree,4.3702
causal-discovery-causal_n6_i1_N500_uai13_harddeps_int,328107,1206162,clause_restart_greedy,hard,506.9,25.0,636.4,16.9,0,proxy,decision-tree-soybean-un-formula_0.8_2021_atleast_15_max-3_reduced_incomplete_tree,4.3702
close_solutions-SAT11__application__fuhs__AProVE11__AProVE11-16.cnf.1,84025,366792,walksat,easy,32.9,5.7,965.9,417.1,0,proxy,decision-tree-soybean-un-formula_0.8_2021_atleast_15_max-3_reduced_incomplete_tree,2.5758
close_solutions-SAT11__application__fuhs__AProVE11__AProVE11-16.cnf.1,84025,366792,walksat,hard,27.0,0.9,33.9,93.5,0,proxy,decision-tree-soybean-un-formula_0.8_2021_atleast_15_max-3_reduced_incomplete_tree,2.5758
close_solutions-SAT11__application__fuhs__AProVE11__AProVE11-16.cnf.1,84025,366792,focused_vns,easy,16.8,0.3,430.2,0.4,0,proxy,decision-tree-soybean-un-formula_0.8_2021_atleast_15_max-3_reduced_incomplete_tree,2.5758
close_solutions-SAT11__application__fuhs__AProVE11__AProVE11-16.cnf.1,84025,366792,focused_vns,hard,16.6,0.3,0.0,0.0,0,proxy,decision-tree-soybean-un-formula_0.8_2021_atleast_15_max-3_reduced_incomplete_tree,2.5758
close_solutions-SAT11__application__fuhs__AProVE11__AProVE11-16.cnf.1,84025,366792,clause_restart_greedy,easy,790.1,303.3,2572.4,878.9,0,proxy,decision-tree-soybean-un-formula_0.8_2021_atleast_15_max-3_reduced_incomplete_tree,2.5758
close_solutions-SAT11__application__fuhs__AProVE11__AProVE11-16.cnf.1,84025,366792,clause_restart_greedy,hard,506.9,25.0,636.4,16.9,0,proxy,decision-tree-soybean-un-formula_0.8_2021_atleast_15_max-3_reduced_incomplete_tree,2.5758
des-cnf.16.p.6,99670,450650,walksat,easy,32.9,5.7,965.9,417.1,0,proxy,decision-tree-soybean-un-formula_0.8_2021_atleast_15_max-3_reduced_incomplete_tree,2.8219
des-cnf.16.p.6,99670,450650,walksat,hard,27.0,0.9,33.9,93.5,0,proxy,decision-tree-soybean-un-formula_0.8_2021_atleast_15_max-3_reduced_incomplete_tree,2.8219
des-cnf.16.p.6,99670,450650,focused_vns,easy,16.8,0.3,430.2,0.4,0,proxy,decision-tree-soybean-un-formula_0.8_2021_atleast_15_max-3_reduced_incomplete_tree,2.8219
des-cnf.16.p.6,99670,450650,focused_vns,hard,16.6,0.3,0.0,0.0,0,proxy,decision-tree-soybean-un-formula_0.8_2021_atleast_15_max-3_reduced_incomplete_tree,2.8219
des-cnf.16.p.6,99670,450650,clause_restart_greedy,easy,790.1,303.3,2572.4,878.9,0,proxy,decision-tree-soybean-un-formula_0.8_2021_atleast_15_max-3_reduced_incomplete_tree,2.8219
des-cnf.16.p.6,99670,450650,clause_restart_greedy,hard,506.9,25.0,636.4,16.9,0,proxy,decision-tree-soybean-un-formula_0.8_2021_atleast_15_max-3_reduced_incomplete_tree,2.8219
des-cnf.19.p.10,132880,600905,walksat,easy,32.9,5.7,965.9,417.1,0,proxy,decision-tree-soybean-un-formula_0.8_2021_atleast_15_max-3_reduced_incomplete_tree,3.2172
des-cnf.19.p.10,132880,600905,walksat,hard,27.0,0.9,33.9,93.5,0,proxy,decision-tree-soybean-un-formula_0.8_2021_atleast_15_max-3_reduced_incomplete_tree,3.2172
des-cnf.19.p.10,132880,600905,focused_vns,easy,16.8,0.3,430.2,0.4,0,proxy,decision-tree-soybean-un-formula_0.8_2021_atleast_15_max-3_reduced_incomplete_tree,3.2172
des-cnf.19.p.10,132880,600905,focused_vns,hard,16.6,0.3,0.0,0.0,0,proxy,decision-tree-soybean-un-formula_0.8_2021_atleast_15_max-3_reduced_incomplete_tree,3.2172
des-cnf.19.p.10,132880,600905,clause_restart_greedy,easy,790.1,303.3,2572.4,878.9,0,proxy,decision-tree-soybean-un-formula_0.8_2021_atleast_15_max-3_reduced_incomplete_tree,3.2172
des-cnf.19.p.10,132880,600905,clause_restart_greedy,hard,506.9,25.0,636.4,16.9,0,proxy,decision-tree-soybean-un-formula_0.8_2021_atleast_15_max-3_reduced_incomplete_tree,3.2172
fault-diagnosis-s38584_nan_explicit_33_0,131581,696606,walksat,easy,32.9,5.7,965.9,417.1,0,proxy,decision-tree-soybean-un-formula_0.8_2021_atleast_15_max-3_reduced_incomplete_tree,3.2799
fault-diagnosis-s38584_nan_explicit_33_0,131581,696606,walksat,hard,27.0,0.9,33.9,93.5,0,proxy,decision-tree-soybean-un-formula_0.8_2021_atleast_15_max-3_reduced_incomplete_tree,3.2799
fault-diagnosis-s38584_nan_explicit_33_0,131581,696606,focused_vns,easy,16.8,0.3,430.2,0.4,0,proxy,decision-tree-soybean-un-formula_0.8_2021_atleast_15_max-3_reduced_incomplete_tree,3.2799
fault-diagnosis-s38584_nan_explicit_33_0,131581,696606,focused_vns,hard,16.6,0.3,0.0,0.0,0,proxy,decision-tree-soybean-un-formula_0.8_2021_atleast_15_max-3_reduced_incomplete_tree,3.2799
fault-diagnosis-s38584_nan_explicit_33_0,131581,696606,clause_restart_greedy,easy,790.1,303.3,2572.4,878.9,0,proxy,decision-tree-soybean-un-formula_0.8_2021_atleast_15_max-3_reduced_incomplete_tree,3.2799
fault-diagnosis-s38584_nan_explicit_33_0,131581,696606,clause_restart_greedy,hard,506.9,25.0,636.4,16.9,0,proxy,decision-tree-soybean-un-formula_0.8_2021_atleast_15_max-3_reduced_incomplete_tree,3.2799
fault-diagnosis-s38584_nan_explicit_16_0,144463,926966,walksat,easy,32.9,5.7,965.9,417.1,0,proxy,decision-tree-soybean-un-formula_0.8_2021_atleast_15_max-3_reduced_incomplete_tree,3.5186
fault-diagnosis-s38584_nan_explicit_16_0,144463,926966,walksat,hard,27.0,0.9,33.9,93.5,0,proxy,decision-tree-soybean-un-formula_0.8_2021_atleast_15_max-3_reduced_incomplete_tree,3.5186
fault-diagnosis-s38584_nan_explicit_16_0,144463,926966,focused_vns,easy,16.8,0.3,430.2,0.4,0,proxy,decision-tree-soybean-un-formula_0.8_2021_atleast_15_max-3_reduced_incomplete_tree,3.5186
fault-diagnosis-s38584_nan_explicit_16_0,144463,926966,focused_vns,hard,16.6,0.3,0.0,0.0,0,proxy,decision-tree-soybean-un-formula_0.8_2021_atleast_15_max-3_reduced_incomplete_tree,3.5186
fault-diagnosis-s38584_nan_explicit_16_0,144463,926966,clause_restart_greedy,easy,790.1,303.3,2572.4,878.9,0,proxy,decision-tree-soybean-un-formula_0.8_2021_atleast_15_max-3_reduced_incomplete_tree,3.5186
fault-diagnosis-s38584_nan_explicit_16_0,144463,926966,clause_restart_greedy,hard,506.9,25.0,636.4,16.9,0,proxy,decision-tree-soybean-un-formula_0.8_2021_atleast_15_max-3_reduced_incomplete_tree,3.5186
hs-timetabling-GreeceWesternGreeceUniversityInstance4.xml,69783,557113,walksat,easy,32.9,5.7,965.9,417.1,0,proxy,decision-tree-soybean-un-formula_0.8_2021_atleast_15_max-3_reduced_incomplete_tree,2.6302
hs-timetabling-GreeceWesternGreeceUniversityInstance4.xml,69783,557113,walksat,hard,27.0,0.9,33.9,93.5,0,proxy,decision-tree-soybean-un-formula_0.8_2021_atleast_15_max-3_reduced_incomplete_tree,2.6302
hs-timetabling-GreeceWesternGreeceUniversityInstance4.xml,69783,557113,focused_vns,easy,16.8,0.3,430.2,0.4,0,proxy,decision-tree-soybean-un-formula_0.8_2021_atleast_15_max-3_reduced_incomplete_tree,2.6302
hs-timetabling-GreeceWesternGreeceUniversityInstance4.xml,69783,557113,focused_vns,hard,16.6,0.3,0.0,0.0,0,proxy,decision-tree-soybean-un-formula_0.8_2021_atleast_15_max-3_reduced_incomplete_tree,2.6302
hs-timetabling-GreeceWesternGreeceUniversityInstance4.xml,69783,557113,clause_restart_greedy,easy,790.1,303.3,2572.4,878.9,0,proxy,decision-tree-soybean-un-formula_0.8_2021_atleast_15_max-3_reduced_incomplete_tree,2.6302
hs-timetabling-GreeceWesternGreeceUniversityInstance4.xml,69783,557113,clause_restart_greedy,hard,506.9,25.0,636.4,16.9,0,proxy,decision-tree-soybean-un-formula_0.8_2021_atleast_15_max-3_reduced_incomplete_tree,2.6302
inconsistency-measurement-im-hit-A-2-WS_300_16_90_30.tgf.pl,900,4255,walksat,easy,29.3,1.0,934.0,281.1,0,proxy,decision-tree-vote-un-formula_0.8_2021_atleast_15_max-3_reduced_incomplete_tree,3.7989
inconsistency-measurement-im-hit-A-2-WS_300_16_90_30.tgf.pl,900,4255,walksat,hard,26.2,1.1,23.1,40.0,0,proxy,decision-tree-vote-un-formula_0.8_2021_atleast_15_max-3_reduced_incomplete_tree,3.7989
inconsistency-measurement-im-hit-A-2-WS_300_16_90_30.tgf.pl,900,4255,focused_vns,easy,16.4,0.3,242.3,24.3,0,proxy,decision-tree-vote-un-formula_0.8_2021_atleast_15_max-3_reduced_incomplete_tree,3.7989
inconsistency-measurement-im-hit-A-2-WS_300_16_90_30.tgf.pl,900,4255,focused_vns,hard,16.2,0.2,0.0,0.0,0,proxy,decision-tree-vote-un-formula_0.8_2021_atleast_15_max-3_reduced_incomplete_tree,3.7989
inconsistency-measurement-im-hit-A-2-WS_300_16_90_30.tgf.pl,900,4255,clause_restart_greedy,easy,586.3,111.0,2323.5,1282.9,0,proxy,decision-tree-vote-un-formula_0.8_2021_atleast_15_max-3_reduced_incomplete_tree,3.7989
inconsistency-measurement-im-hit-A-2-WS_300_16_90_30.tgf.pl,900,4255,clause_restart_greedy,hard,377.1,45.7,505.1,34.9,0,proxy,decision-tree-vote-un-formula_0.8_2021_atleast_15_max-3_reduced_incomplete_tree,3.7989
inconsistency-measurement-im-forgetting-A-2-WS_300_16_90_30.tgf.pl,6410,12520,walksat,easy,29.3,1.0,934.0,281.1,0,proxy,decision-tree-vote-un-formula_0.8_2021_atleast_15_max-3_reduced_incomplete_tree,2.1781
inconsistency-measurement-im-forgetting-A-2-WS_300_16_90_30.tgf.pl,6410,12520,walksat,hard,26.2,1.1,23.1,40.0,0,proxy,decision-tree-vote-un-formula_0.8_2021_atleast_15_max-3_reduced_incomplete_tree,2.1781
inconsistency-measurement-im-forgetting-A-2-WS_300_16_90_30.tgf.pl,6410,12520,focused_vns,easy,16.4,0.3,242.3,24.3,0,proxy,decision-tree-vote-un-formula_0.8_2021_atleast_15_max-3_reduced_incomplete_tree,2.1781
inconsistency-measurement-im-forgetting-A-2-WS_300_16_90_30.tgf.pl,6410,12520,focused_vns,hard,16.2,0.2,0.0,0.0,0,proxy,decision-tree-vote-un-formula_0.8_2021_atleast_15_max-3_reduced_incomplete_tree,2.1781
inconsistency-measurement-im-forgetting-A-2-WS_300_16_90_30.tgf.pl,6410,12520,clause_restart_greedy,easy,586.3,111.0,2323.5,1282.9,0,proxy,decision-tree-vote-un-formula_0.8_2021_atleast_15_max-3_reduced_incomplete_tree,2.1781
inconsistency-measurement-im-forgetting-A-2-WS_300_16_90_30.tgf.pl,6410,12520,clause_restart_greedy,hard,377.1,45.7,505.1,34.9,0,proxy,decision-tree-vote-un-formula_0.8_2021_atleast_15_max-3_reduced_incomplete_tree,2.1781
judgment-aggregation-ja-slater-preflib-00049-00000107,1711,196765,walksat,easy,35.0,2.1,2194.0,1193.1,0,proxy,decision-tree-car-un-formula_0.8_2021_atleast_15_max-3_reduced_incomplete_tree,2.252
judgment-aggregation-ja-slater-preflib-00049-00000107,1711,196765,walksat,hard,30.1,1.9,9.7,1.3,0,proxy,decision-tree-car-un-formula_0.8_2021_atleast_15_max-3_reduced_incomplete_tree,2.252
judgment-aggregation-ja-slater-preflib-00049-00000107,1711,196765,focused_vns,easy,17.2,0.4,884.8,197.8,0,proxy,decision-tree-car-un-formula_0.8_2021_atleast_15_max-3_reduced_incomplete_tree,2.252
judgment-aggregation-ja-slater-preflib-00049-00000107,1711,196765,focused_vns,hard,17.1,0.5,0.0,0.0,0,proxy,decision-tree-car-un-formula_0.8_2021_atleast_15_max-3_reduced_incomplete_tree,2.252
judgment-aggregation-ja-slater-preflib-00049-00000107,1711,196765,clause_restart_greedy,easy,1107.4,109.8,1894.3,697.4,0,proxy,decision-tree-car-un-formula_0.8_2021_atleast_15_max-3_reduced_incomplete_tree,2.252
judgment-aggregation-ja-slater-preflib-00049-00000107,1711,196765,clause_restart_greedy,hard,1033.4,34.4,1164.0,0.0,0,proxy,decision-tree-car-un-formula_0.8_2021_atleast_15_max-3_reduced_incomplete_tree,2.252
judgment-aggregation-ja-slater-preflib-00043-00000180,5886,1265490,walksat,easy,35.0,2.1,2194.0,1193.1,0,proxy,decision-tree-car-un-formula_0.8_2021_atleast_15_max-3_reduced_incomplete_tree,3.4264
judgment-aggregation-ja-slater-preflib-00043-00000180,5886,1265490,walksat,hard,30.1,1.9,9.7,1.3,0,proxy,decision-tree-car-un-formula_0.8_2021_atleast_15_max-3_reduced_incomplete_tree,3.4264
judgment-aggregation-ja-slater-preflib-00043-00000180,5886,1265490,focused_vns,easy,17.2,0.4,884.8,197.8,0,proxy,decision-tree-car-un-formula_0.8_2021_atleast_15_max-3_reduced_incomplete_tree,3.4264
judgment-aggregation-ja-slater-preflib-00043-00000180,5886,1265490,focused_vns,hard,17.1,0.5,0.0,0.0,0,proxy,decision-tree-car-un-formula_0.8_2021_atleast_15_max-3_reduced_incomplete_tree,3.4264
judgment-aggregation-ja-slater-preflib-00043-00000180,5886,1265490,clause_restart_greedy,easy,1107.4,109.8,1894.3,697.4,0,proxy,decision-tree-car-un-formula_0.8_2021_atleast_15_max-3_reduced_incomplete_tree,3.4264
judgment-aggregation-ja-slater-preflib-00043-00000180,5886,1265490,clause_restart_greedy,hard,1033.4,34.4,1164.0,0.0,0,proxy,decision-tree-car-un-formula_0.8_2021_atleast_15_max-3_reduced_incomplete_tree,3.4264
logic-synthesis-normalized-test4.pi.opb.msat,6139,7576,walksat,easy,29.3,1.0,934.0,281.1,0,proxy,decision-tree-vote-un-formula_0.8_2021_atleast_15_max-3_reduced_incomplete_tree,2.7503
logic-synthesis-normalized-test4.pi.opb.msat,6139,7576,walksat,hard,26.2,1.1,23.1,40.0,0,proxy,decision-tree-vote-un-formula_0.8_2021_atleast_15_max-3_reduced_incomplete_tree,2.7503
logic-synthesis-normalized-test4.pi.opb.msat,6139,7576,focused_vns,easy,16.4,0.3,242.3,24.3,0,proxy,decision-tree-vote-un-formula_0.8_2021_atleast_15_max-3_reduced_incomplete_tree,2.7503
logic-synthesis-normalized-test4.pi.opb.msat,6139,7576,focused_vns,hard,16.2,0.2,0.0,0.0,0,proxy,decision-tree-vote-un-formula_0.8_2021_atleast_15_max-3_reduced_incomplete_tree,2.7503
logic-synthesis-normalized-test4.pi.opb.msat,6139,7576,clause_restart_greedy,easy,586.3,111.0,2323.5,1282.9,0,proxy,decision-tree-vote-un-formula_0.8_2021_atleast_15_max-3_reduced_incomplete_tree,2.7503
logic-synthesis-normalized-test4.pi.opb.msat,6139,7576,clause_restart_greedy,hard,377.1,45.7,505.1,34.9,0,proxy,decision-tree-vote-un-formula_0.8_2021_atleast_15_max-3_reduced_incomplete_tree,2.7503
minimize-5gons-u5-cube-maxcdcl-29-tmp-15-2655746,3458,38044,walksat,easy,35.0,2.1,2194.0,1193.1,0,proxy,decision-tree-car-un-formula_0.8_2021_atleast_15_max-3_reduced_incomplete_tree,1.2897
minimize-5gons-u5-cube-maxcdcl-29-tmp-15-2655746,3458,38044,walksat,hard,30.1,1.9,9.7,1.3,0,proxy,decision-tree-car-un-formula_0.8_2021_atleast_15_max-3_reduced_incomplete_tree,1.2897
minimize-5gons-u5-cube-maxcdcl-29-tmp-15-2655746,3458,38044,focused_vns,easy,17.2,0.4,884.8,197.8,0,proxy,decision-tree-car-un-formula_0.8_2021_atleast_15_max-3_reduced_incomplete_tree,1.2897
minimize-5gons-u5-cube-maxcdcl-29-tmp-15-2655746,3458,38044,focused_vns,hard,17.1,0.5,0.0,0.0,0,proxy,decision-tree-car-un-formula_0.8_2021_atleast_15_max-3_reduced_incomplete_tree,1.2897
minimize-5gons-u5-cube-maxcdcl-29-tmp-15-2655746,3458,38044,clause_restart_greedy,easy,1107.4,109.8,1894.3,697.4,0,proxy,decision-tree-car-un-formula_0.8_2021_atleast_15_max-3_reduced_incomplete_tree,1.2897
minimize-5gons-u5-cube-maxcdcl-29-tmp-15-2655746,3458,38044,clause_restart_greedy,hard,1033.4,34.4,1164.0,0.0,0,proxy,decision-tree-car-un-formula_0.8_2021_atleast_15_max-3_reduced_incomplete_tree,1.2897
minimize-5gons-u5-cube-maxcdcl-12-tmp-15-2655746,3458,38044,walksat,easy,35.0,2.1,2194.0,1193.1,0,proxy,decision-tree-car-un-formula_0.8_2021_atleast_15_max-3_reduced_incomplete_tree,1.2897
minimize-5gons-u5-cube-maxcdcl-12-tmp-15-2655746,3458,38044,walksat,hard,30.1,1.9,9.7,1.3,0,proxy,decision-tree-car-un-formula_0.8_2021_atleast_15_max-3_reduced_incomplete_tree,1.2897
minimize-5gons-u5-cube-maxcdcl-12-tmp-15-2655746,3458,38044,focused_vns,easy,17.2,0.4,884.8,197.8,0,proxy,decision-tree-car-un-formula_0.8_2021_atleast_15_max-3_reduced_incomplete_tree,1.2897
minimize-5gons-u5-cube-maxcdcl-12-tmp-15-2655746,3458,38044,focused_vns,hard,17.1,0.5,0.0,0.0,0,proxy,decision-tree-car-un-formula_0.8_2021_atleast_15_max-3_reduced_incomplete_tree,1.2897
minimize-5gons-u5-cube-maxcdcl-12-tmp-15-2655746,3458,38044,clause_restart_greedy,easy,1107.4,109.8,1894.3,697.4,0,proxy,decision-tree-car-un-formula_0.8_2021_atleast_15_max-3_reduced_incomplete_tree,1.2897
minimize-5gons-u5-cube-maxcdcl-12-tmp-15-2655746,3458,38044,clause_restart_greedy,hard,1033.4,34.4,1164.0,0.0,0,proxy,decision-tree-car-un-formula_0.8_2021_atleast_15_max-3_reduced_incomplete_tree,1.2897
optic-gen_add_4_carry_991,676,4311,walksat,easy,29.3,1.0,934.0,281.1,0,proxy,decision-tree-vote-un-formula_0.8_2021_atleast_15_max-3_reduced_incomplete_tree,3.9569
optic-gen_add_4_carry_991,676,4311,walksat,hard,26.2,1.1,23.1,40.0,0,proxy,decision-tree-vote-un-formula_0.8_2021_atleast_15_max-3_reduced_incomplete_tree,3.9569
optic-gen_add_4_carry_991,676,4311,focused_vns,easy,16.4,0.3,242.3,24.3,0,proxy,decision-tree-vote-un-formula_0.8_2021_atleast_15_max-3_reduced_incomplete_tree,3.9569
optic-gen_add_4_carry_991,676,4311,focused_vns,hard,16.2,0.2,0.0,0.0,0,proxy,decision-tree-vote-un-formula_0.8_2021_atleast_15_max-3_reduced_incomplete_tree,3.9569
optic-gen_add_4_carry_991,676,4311,clause_restart_greedy,easy,586.3,111.0,2323.5,1282.9,0,proxy,decision-tree-vote-un-formula_0.8_2021_atleast_15_max-3_reduced_incomplete_tree,3.9569
optic-gen_add_4_carry_991,676,4311,clause_restart_greedy,hard,377.1,45.7,505.1,34.9,0,proxy,decision-tree-vote-un-formula_0.8_2021_atleast_15_max-3_reduced_incomplete_tree,3.9569
optic-gen_add_6_carry_991,6484,142765,walksat,easy,35.0,2.1,2194.0,1193.1,0,proxy,decision-tree-car-un-formula_0.8_2021_atleast_15_max-3_reduced_incomplete_tree,0.3186
optic-gen_add_6_carry_991,6484,142765,walksat,hard,30.1,1.9,9.7,1.3,0,proxy,decision-tree-car-un-formula_0.8_2021_atleast_15_max-3_reduced_incomplete_tree,0.3186
optic-gen_add_6_carry_991,6484,142765,focused_vns,easy,17.2,0.4,884.8,197.8,0,proxy,decision-tree-car-un-formula_0.8_2021_atleast_15_max-3_reduced_incomplete_tree,0.3186
optic-gen_add_6_carry_991,6484,142765,focused_vns,hard,17.1,0.5,0.0,0.0,0,proxy,decision-tree-car-un-formula_0.8_2021_atleast_15_max-3_reduced_incomplete_tree,0.3186
optic-gen_add_6_carry_991,6484,142765,clause_restart_greedy,easy,1107.4,109.8,1894.3,697.4,0,proxy,decision-tree-car-un-formula_0.8_2021_atleast_15_max-3_reduced_incomplete_tree,0.3186
optic-gen_add_6_carry_991,6484,142765,clause_restart_greedy,hard,1033.4,34.4,1164.0,0.0,0,proxy,decision-tree-car-un-formula_0.8_2021_atleast_15_max-3_reduced_incomplete_tree,0.3186
optimizing-BDDs-primary-tumor-un-wcnf_incomplete_improved_1_2019_4,1756,48039,walksat,easy,35.0,2.1,2194.0,1193.1,0,proxy,decision-tree-car-un-formula_0.8_2021_atleast_15_max-3_reduced_incomplete_tree,1.5238
optimizing-BDDs-primary-tumor-un-wcnf_incomplete_improved_1_2019_4,1756,48039,walksat,hard,30.1,1.9,9.7,1.3,0,proxy,decision-tree-car-un-formula_0.8_2021_atleast_15_max-3_reduced_incomplete_tree,1.5238
optimizing-BDDs-primary-tumor-un-wcnf_incomplete_improved_1_2019_4,1756,48039,focused_vns,easy,17.2,0.4,884.8,197.8,0,proxy,decision-tree-car-un-formula_0.8_2021_atleast_15_max-3_reduced_incomplete_tree,1.5238
optimizing-BDDs-primary-tumor-un-wcnf_incomplete_improved_1_2019_4,1756,48039,focused_vns,hard,17.1,0.5,0.0,0.0,0,proxy,decision-tree-car-un-formula_0.8_2021_atleast_15_max-3_reduced_incomplete_tree,1.5238
optimizing-BDDs-primary-tumor-un-wcnf_incomplete_improved_1_2019_4,1756,48039,clause_restart_greedy,easy,1107.4,109.8,1894.3,697.4,0,proxy,decision-tree-car-un-formula_0.8_2021_atleast_15_max-3_reduced_incomplete_tree,1.5238
optimizing-BDDs-primary-tumor-un-wcnf_incomplete_improved_1_2019_4,1756,48039,clause_restart_greedy,hard,1033.4,34.4,1164.0,0.0,0,proxy,decision-tree-car-un-formula_0.8_2021_atleast_15_max-3_reduced_incomplete_tree,1.5238
optimizing-BDDs-lymph-un-wcnf_incomplete_improved_1_2019_6,2272,73267,walksat,easy,35.0,2.1,2194.0,1193.1,0,proxy,decision-tree-car-un-formula_0.8_2021_atleast_15_max-3_reduced_incomplete_tree,1.1751
optimizing-BDDs-lymph-un-wcnf_incomplete_improved_1_2019_6,2272,73267,walksat,hard,30.1,1.9,9.7,1.3,0,proxy,decision-tree-car-un-formula_0.8_2021_atleast_15_max-3_reduced_incomplete_tree,1.1751
optimizing-BDDs-lymph-un-wcnf_incomplete_improved_1_2019_6,2272,73267,focused_vns,easy,17.2,0.4,884.8,197.8,0,proxy,decision-tree-car-un-formula_0.8_2021_atleast_15_max-3_reduced_incomplete_tree,1.1751
optimizing-BDDs-lymph-un-wcnf_incomplete_improved_1_2019_6,2272,73267,focused_vns,hard,17.1,0.5,0.0,0.0,0,proxy,decision-tree-car-un-formula_0.8_2021_atleast_15_max-3_reduced_incomplete_tree,1.1751
optimizing-BDDs-lymph-un-wcnf_incomplete_improved_1_2019_6,2272,73267,clause_restart_greedy,easy,1107.4,109.8,1894.3,697.4,0,proxy,decision-tree-car-un-formula_0.8_2021_atleast_15_max-3_reduced_incomplete_tree,1.1751
optimizing-BDDs-lymph-un-wcnf_incomplete_improved_1_2019_6,2272,73267,clause_restart_greedy,hard,1033.4,34.4,1164.0,0.0,0,proxy,decision-tree-car-un-formula_0.8_2021_atleast_15_max-3_reduced_incomplete_tree,1.1751
program-disambiguation-Q27_YESNO_1,852890,3391417,walksat,easy,32.9,5.7,965.9,417.1,0,proxy,decision-tree-soybean-un-formula_0.8_2021_atleast_15_max-3_reduced_incomplete_tree,5.7393
program-disambiguation-Q27_YESNO_1,852890,3391417,walksat,hard,27.0,0.9,33.9,93.5,0,proxy,decision-tree-soybean-un-formula_0.8_2021_atleast_15_max-3_reduced_incomplete_tree,5.7393
program-disambiguation-Q27_YESNO_1,852890,3391417,focused_vns,easy,16.8,0.3,430.2,0.4,0,proxy,decision-tree-soybean-un-formula_0.8_2021_atleast_15_max-3_reduced_incomplete_tree,5.7393
program-disambiguation-Q27_YESNO_1,852890,3391417,focused_vns,hard,16.6,0.3,0.0,0.0,0,proxy,decision-tree-soybean-un-formula_0.8_2021_atleast_15_max-3_reduced_incomplete_tree,5.7393
program-disambiguation-Q27_YESNO_1,852890,3391417,clause_restart_greedy,easy,790.1,303.3,2572.4,878.9,0,proxy,decision-tree-soybean-un-formula_0.8_2021_atleast_15_max-3_reduced_incomplete_tree,5.7393
program-disambiguation-Q27_YESNO_1,852890,3391417,clause_restart_greedy,hard,506.9,25.0,636.4,16.9,0,proxy,decision-tree-soybean-un-formula_0.8_2021_atleast_15_max-3_reduced_incomplete_tree,5.7393
protein_ins-1knt_.5pti_.g.t,2236,2120178,walksat,easy,35.0,2.1,2194.0,1193.1,0,proxy,decision-tree-car-un-formula_0.8_2021_atleast_15_max-3_reduced_incomplete_tree,4.9797
protein_ins-1knt_.5pti_.g.t,2236,2120178,walksat,hard,30.1,1.9,9.7,1.3,0,proxy,decision-tree-car-un-formula_0.8_2021_atleast_15_max-3_reduced_incomplete_tree,4.9797
protein_ins-1knt_.5pti_.g.t,2236,2120178,focused_vns,easy,17.2,0.4,884.8,197.8,0,proxy,decision-tree-car-un-formula_0.8_2021_atleast_15_max-3_reduced_incomplete_tree,4.9797
protein_ins-1knt_.5pti_.g.t,2236,2120178,focused_vns,hard,17.1,0.5,0.0,0.0,0,proxy,decision-tree-car-un-formula_0.8_2021_atleast_15_max-3_reduced_incomplete_tree,4.9797
protein_ins-1knt_.5pti_.g.t,2236,2120178,clause_restart_greedy,easy,1107.4,109.8,1894.3,697.4,0,proxy,decision-tree-car-un-formula_0.8_2021_atleast_15_max-3_reduced_incomplete_tree,4.9797
protein_ins-1knt_.5pti_.g.t,2236,2120178,clause_restart_greedy,hard,1033.4,34.4,1164.0,0.0,0,proxy,decision-tree-car-un-formula_0.8_2021_atleast_15_max-3_reduced_incomplete_tree,4.9797
protein_ins-6ebx_.1era_.g.t,1666,1187921,walksat,easy,35.0,2.1,2194.0,1193.1,0,proxy,decision-tree-car-un-formula_0.8_2021_atleast_15_max-3_reduced_incomplete_tree,4.4988
protein_ins-6ebx_.1era_.g.t,1666,1187921,walksat,hard,30.1,1.9,9.7,1.3,0,proxy,decision-tree-car-un-formula_0.8_2021_atleast_15_max-3_reduced_incomplete_tree,4.4988
protein_ins-6ebx_.1era_.g.t,1666,1187921,focused_vns,easy,17.2,0.4,884.8,197.8,0,proxy,decision-tree-car-un-formula_0.8_2021_atleast_15_max-3_reduced_incomplete_tree,4.4988
protein_ins-6ebx_.1era_.g.t,1666,1187921,focused_vns,hard,17.1,0.5,0.0,0.0,0,proxy,decision-tree-car-un-formula_0.8_2021_atleast_15_max-3_reduced_incomplete_tree,4.4988
protein_ins-6ebx_.1era_.g.t,1666,1187921,clause_restart_greedy,easy,1107.4,109.8,1894.3,697.4,0,proxy,decision-tree-car-un-formula_0.8_2021_atleast_15_max-3_reduced_incomplete_tree,4.4988
protein_ins-6ebx_.1era_.g.t,1666,1187921,clause_restart_greedy,hard,1033.4,34.4,1164.0,0.0,0,proxy,decision-tree-car-un-formula_0.8_2021_atleast_15_max-3_reduced_incomplete_tree,4.4988
railway-transport-pesp_5min,34756,1254411,walksat,easy,35.0,2.1,2194.0,1193.1,0,proxy,decision-tree-car-un-formula_0.8_2021_atleast_15_max-3_reduced_incomplete_tree,3.0719
railway-transport-pesp_5min,34756,1254411,walksat,hard,30.1,1.9,9.7,1.3,0,proxy,decision-tree-car-un-formula_0.8_2021_atleast_15_max-3_reduced_incomplete_tree,3.0719
railway-transport-pesp_5min,34756,1254411,focused_vns,easy,17.2,0.4,884.8,197.8,0,proxy,decision-tree-car-un-formula_0.8_2021_atleast_15_max-3_reduced_incomplete_tree,3.0719
railway-transport-pesp_5min,34756,1254411,focused_vns,hard,17.1,0.5,0.0,0.0,0,proxy,decision-tree-car-un-formula_0.8_2021_atleast_15_max-3_reduced_incomplete_tree,3.0719
railway-transport-pesp_5min,34756,1254411,clause_restart_greedy,easy,1107.4,109.8,1894.3,697.4,0,proxy,decision-tree-car-un-formula_0.8_2021_atleast_15_max-3_reduced_incomplete_tree,3.0719
railway-transport-pesp_5min,34756,1254411,clause_restart_greedy,hard,1033.4,34.4,1164.0,0.0,0,proxy,decision-tree-car-un-formula_0.8_2021_atleast_15_max-3_reduced_incomplete_tree,3.0719
railway-transport-we,280446,6957547,walksat,easy,32.9,5.7,965.9,417.1,0,proxy,decision-tree-soybean-un-formula_0.8_2021_atleast_15_max-3_reduced_incomplete_tree,5.5399
railway-transport-we,280446,6957547,walksat,hard,27.0,0.9,33.9,93.5,0,proxy,decision-tree-soybean-un-formula_0.8_2021_atleast_15_max-3_reduced_incomplete_tree,5.5399
railway-transport-we,280446,6957547,focused_vns,easy,16.8,0.3,430.2,0.4,0,proxy,decision-tree-soybean-un-formula_0.8_2021_atleast_15_max-3_reduced_incomplete_tree,5.5399
railway-transport-we,280446,6957547,focused_vns,hard,16.6,0.3,0.0,0.0,0,proxy,decision-tree-soybean-un-formula_0.8_2021_atleast_15_max-3_reduced_incomplete_tree,5.5399
railway-transport-we,280446,6957547,clause_restart_greedy,easy,790.1,303.3,2572.4,878.9,0,proxy,decision-tree-soybean-un-formula_0.8_2021_atleast_15_max-3_reduced_incomplete_tree,5.5399
railway-transport-we,280446,6957547,clause_restart_greedy,hard,506.9,25.0,636.4,16.9,0,proxy,decision-tree-soybean-un-formula_0.8_2021_atleast_15_max-3_reduced_incomplete_tree,5.5399
scheduling-cnf_12_center,201204,768788,walksat,easy,32.9,5.7,965.9,417.1,0,proxy,decision-tree-soybean-un-formula_0.8_2021_atleast_15_max-3_reduced_incomplete_tree,3.7139
scheduling-cnf_12_center,201204,768788,walksat,hard,27.0,0.9,33.9,93.5,0,proxy,decision-tree-soybean-un-formula_0.8_2021_atleast_15_max-3_reduced_incomplete_tree,3.7139
scheduling-cnf_12_center,201204,768788,focused_vns,easy,16.8,0.3,430.2,0.4,0,proxy,decision-tree-soybean-un-formula_0.8_2021_atleast_15_max-3_reduced_incomplete_tree,3.7139
scheduling-cnf_12_center,201204,768788,focused_vns,hard,16.6,0.3,0.0,0.0,0,proxy,decision-tree-soybean-un-formula_0.8_2021_atleast_15_max-3_reduced_incomplete_tree,3.7139
scheduling-cnf_12_center,201204,768788,clause_restart_greedy,easy,790.1,303.3,2572.4,878.9,0,proxy,decision-tree-soybean-un-formula_0.8_2021_atleast_15_max-3_reduced_incomplete_tree,3.7139
scheduling-cnf_12_center,201204,768788,clause_restart_greedy,hard,506.9,25.0,636.4,16.9,0,proxy,decision-tree-soybean-un-formula_0.8_2021_atleast_15_max-3_reduced_incomplete_tree,3.7139
scheduling-cnf_small,12617,47065,walksat,easy,29.3,1.0,934.0,281.1,0,proxy,decision-tree-vote-un-formula_0.8_2021_atleast_15_max-3_reduced_incomplete_tree,0.8371
scheduling-cnf_small,12617,47065,walksat,hard,26.2,1.1,23.1,40.0,0,proxy,decision-tree-vote-un-formula_0.8_2021_atleast_15_max-3_reduced_incomplete_tree,0.8371
scheduling-cnf_small,12617,47065,focused_vns,easy,16.4,0.3,242.3,24.3,0,proxy,decision-tree-vote-un-formula_0.8_2021_atleast_15_max-3_reduced_incomplete_tree,0.8371
scheduling-cnf_small,12617,47065,focused_vns,hard,16.2,0.2,0.0,0.0,0,proxy,decision-tree-vote-un-formula_0.8_2021_atleast_15_max-3_reduced_incomplete_tree,0.8371
scheduling-cnf_small,12617,47065,clause_restart_greedy,easy,586.3,111.0,2323.5,1282.9,0,proxy,decision-tree-vote-un-formula_0.8_2021_atleast_15_max-3_reduced_incomplete_tree,0.8371
scheduling-cnf_small,12617,47065,clause_restart_greedy,hard,377.1,45.7,505.1,34.9,0,proxy,decision-tree-vote-un-formula_0.8_2021_atleast_15_max-3_reduced_incomplete_tree,0.8371
setcover-sts-data.135,135,3150,walksat,easy,35.0,2.1,2194.0,1193.1,0,proxy,decision-tree-car-un-formula_0.8_2021_atleast_15_max-3_reduced_incomplete_tree,5.1939
setcover-sts-data.135,135,3150,walksat,hard,30.1,1.9,9.7,1.3,0,proxy,decision-tree-car-un-formula_0.8_2021_atleast_15_max-3_reduced_incomplete_tree,5.1939
setcover-sts-data.135,135,3150,focused_vns,easy,17.2,0.4,884.8,197.8,0,proxy,decision-tree-car-un-formula_0.8_2021_atleast_15_max-3_reduced_incomplete_tree,5.1939
setcover-sts-data.135,135,3150,focused_vns,hard,17.1,0.5,0.0,0.0,0,proxy,decision-tree-car-un-formula_0.8_2021_atleast_15_max-3_reduced_incomplete_tree,5.1939
setcover-sts-data.135,135,3150,clause_restart_greedy,easy,1107.4,109.8,1894.3,697.4,0,proxy,decision-tree-car-un-formula_0.8_2021_atleast_15_max-3_reduced_incomplete_tree,5.1939
setcover-sts-data.135,135,3150,clause_restart_greedy,hard,1033.4,34.4,1164.0,0.0,0,proxy,decision-tree-car-un-formula_0.8_2021_atleast_15_max-3_reduced_incomplete_tree,5.1939
setcover-sts-data.405,405,27675,walksat,easy,35.0,2.1,2194.0,1193.1,0,proxy,decision-tree-car-un-formula_0.8_2021_atleast_15_max-3_reduced_incomplete_tree,3.2767
setcover-sts-data.405,405,27675,walksat,hard,30.1,1.9,9.7,1.3,0,proxy,decision-tree-car-un-formula_0.8_2021_atleast_15_max-3_reduced_incomplete_tree,3.2767
setcover-sts-data.405,405,27675,focused_vns,easy,17.2,0.4,884.8,197.8,0,proxy,decision-tree-car-un-formula_0.8_2021_atleast_15_max-3_reduced_incomplete_tree,3.2767
setcover-sts-data.405,405,27675,focused_vns,hard,17.1,0.5,0.0,0.0,0,proxy,decision-tree-car-un-formula_0.8_2021_atleast_15_max-3_reduced_incomplete_tree,3.2767
setcover-sts-data.405,405,27675,clause_restart_greedy,easy,1107.4,109.8,1894.3,697.4,0,proxy,decision-tree-car-un-formula_0.8_2021_atleast_15_max-3_reduced_incomplete_tree,3.2767
setcover-sts-data.405,405,27675,clause_restart_greedy,hard,1033.4,34.4,1164.0,0.0,0,proxy,decision-tree-car-un-formula_0.8_2021_atleast_15_max-3_reduced_incomplete_tree,3.2767
treewidth-computation-TWComp_queen5_5_N25,7274,38856,walksat,easy,29.3,1.0,934.0,281.1,0,proxy,decision-tree-vote-un-formula_0.8_2021_atleast_15_max-3_reduced_incomplete_tree,0.8341
treewidth-computation-TWComp_queen5_5_N25,7274,38856,walksat,hard,26.2,1.1,23.1,40.0,0,proxy,decision-tree-vote-un-formula_0.8_2021_atleast_15_max-3_reduced_incomplete_tree,0.8341
treewidth-computation-TWComp_queen5_5_N25,7274,38856,focused_vns,easy,16.4,0.3,242.3,24.3,0,proxy,decision-tree-vote-un-formula_0.8_2021_atleast_15_max-3_reduced_incomplete_tree,0.8341
treewidth-computation-TWComp_queen5_5_N25,7274,38856,focused_vns,hard,16.2,0.2,0.0,0.0,0,proxy,decision-tree-vote-un-formula_0.8_2021_atleast_15_max-3_reduced_incomplete_tree,0.8341
treewidth-computation-TWComp_queen5_5_N25,7274,38856,clause_restart_greedy,easy,586.3,111.0,2323.5,1282.9,0,proxy,decision-tree-vote-un-formula_0.8_2021_atleast_15_max-3_reduced_incomplete_tree,0.8341
treewidth-computation-TWComp_queen5_5_N25,7274,38856,clause_restart_greedy,hard,377.1,45.7,505.1,34.9,0,proxy,decision-tree-vote-un-formula_0.8_2021_atleast_15_max-3_reduced_incomplete_tree,0.8341
treewidth-computation-TWComp_1dj7_N73,105922,907399,walksat,easy,32.9,5.7,965.9,417.1,0,proxy,decision-tree-soybean-un-formula_0.8_2021_atleast_15_max-3_reduced_incomplete_tree,3.269
treewidth-computation-TWComp_1dj7_N73,105922,907399,walksat,hard,27.0,0.9,33.9,93.5,0,proxy,decision-tree-soybean-un-formula_0.8_2021_atleast_15_max-3_reduced_incomplete_tree,3.269
treewidth-computation-TWComp_1dj7_N73,105922,907399,focused_vns,easy,16.8,0.3,430.2,0.4,0,proxy,decision-tree-soybean-un-formula_0.8_2021_atleast_15_max-3_reduced_incomplete_tree,3.269
treewidth-computation-TWComp_1dj7_N73,105922,907399,focused_vns,hard,16.6,0.3,0.0,0.0,0,proxy,decision-tree-soybean-un-formula_0.8_2021_atleast_15_max-3_reduced_incomplete_tree,3.269
treewidth-computation-TWComp_1dj7_N73,105922,907399,clause_restart_greedy,easy,790.1,303.3,2572.4,878.9,0,proxy,decision-tree-soybean-un-formula_0.8_2021_atleast_15_max-3_reduced_incomplete_tree,3.269
treewidth-computation-TWComp_1dj7_N73,105922,907399,clause_restart_greedy,hard,506.9,25.0,636.4,16.9,0,proxy,decision-tree-soybean-un-formula_0.8_2021_atleast_15_max-3_reduced_incomplete_tree,3.269
xai-mindset2-postoperative-patient-data,6412,31470,walksat,easy,29.3,1.0,934.0,281.1,0,proxy,decision-tree-vote-un-formula_0.8_2021_atleast_15_max-3_reduced_incomplete_tree,1.0871
xai-mindset2-postoperative-patient-data,6412,31470,walksat,hard,26.2,1.1,23.1,40.0,0,proxy,decision-tree-vote-un-formula_0.8_2021_atleast_15_max-3_reduced_incomplete_tree,1.0871
xai-mindset2-postoperative-patient-data,6412,31470,focused_vns,easy,16.4,0.3,242.3,24.3,0,proxy,decision-tree-vote-un-formula_0.8_2021_atleast_15_max-3_reduced_incomplete_tree,1.0871
xai-mindset2-postoperative-patient-data,6412,31470,focused_vns,hard,16.2,0.2,0.0,0.0,0,proxy,decision-tree-vote-un-formula_0.8_2021_atleast_15_max-3_reduced_incomplete_tree,1.0871
xai-mindset2-postoperative-patient-data,6412,31470,clause_restart_greedy,easy,586.3,111.0,2323.5,1282.9,0,proxy,decision-tree-vote-un-formula_0.8_2021_atleast_15_max-3_reduced_incomplete_tree,1.0871
xai-mindset2-postoperative-patient-data,6412,31470,clause_restart_greedy,hard,377.1,45.7,505.1,34.9,0,proxy,decision-tree-vote-un-formula_0.8_2021_atleast_15_max-3_reduced_incomplete_tree,1.0871
xai-mindset2-lymphography,7832,56900,walksat,easy,29.3,1.0,934.0,281.1,0,proxy,decision-tree-vote-un-formula_0.8_2021_atleast_15_max-3_reduced_incomplete_tree,0.4034
xai-mindset2-lymphography,7832,56900,walksat,hard,26.2,1.1,23.1,40.0,0,proxy,decision-tree-vote-un-formula_0.8_2021_atleast_15_max-3_reduced_incomplete_tree,0.4034
xai-mindset2-lymphography,7832,56900,focused_vns,easy,16.4,0.3,242.3,24.3,0,proxy,decision-tree-vote-un-formula_0.8_2021_atleast_15_max-3_reduced_incomplete_tree,0.4034
xai-mindset2-lymphography,7832,56900,focused_vns,hard,16.2,0.2,0.0,0.0,0,proxy,decision-tree-vote-un-formula_0.8_2021_atleast_15_max-3_reduced_incomplete_tree,0.4034
xai-mindset2-lymphography,7832,56900,clause_restart_greedy,easy,586.3,111.0,2323.5,1282.9,0,proxy,decision-tree-vote-un-formula_0.8_2021_atleast_15_max-3_reduced_incomplete_tree,0.4034
xai-mindset2-lymphography,7832,56900,clause_restart_greedy,hard,377.1,45.7,505.1,34.9,0,proxy,decision-tree-vote-un-formula_0.8_2021_atleast_15_max-3_reduced_incomplete_tree,0.4034
optic-gen_mult_4_5_991,4754,7643,walksat,easy,29.3,1.0,934.0,281.1,0,proxy,decision-tree-vote-un-formula_0.8_2021_atleast_15_max-3_reduced_incomplete_tree,2.908
optic-gen_mult_4_5_991,4754,7643,walksat,hard,26.2,1.1,23.1,40.0,0,proxy,decision-tree-vote-un-formula_0.8_2021_atleast_15_max-3_reduced_incomplete_tree,2.908
optic-gen_mult_4_5_991,4754,7643,focused_vns,easy,16.4,0.3,242.3,24.3,0,proxy,decision-tree-vote-un-formula_0.8_2021_atleast_15_max-3_reduced_incomplete_tree,2.908
optic-gen_mult_4_5_991,4754,7643,focused_vns,hard,16.2,0.2,0.0,0.0,0,proxy,decision-tree-vote-un-formula_0.8_2021_atleast_15_max-3_reduced_incomplete_tree,2.908
optic-gen_mult_4_5_991,4754,7643,clause_restart_greedy,easy,586.3,111.0,2323.5,1282.9,0,proxy,decision-tree-vote-un-formula_0.8_2021_atleast_15_max-3_reduced_incomplete_tree,2.908
optic-gen_mult_4_5_991,4754,7643,clause_restart_greedy,hard,377.1,45.7,505.1,34.9,0,proxy,decision-tree-vote-un-formula_0.8_2021_atleast_15_max-3_reduced_incomplete_tree,2.908
ramsey-ram_k4_n20.ra0,190,9690,walksat,easy,18.8,0.3,4.5,1.2,0,proxy,frb-frb40-19-2.partial,2.022
ramsey-ram_k4_n20.ra0,190,9690,walksat,hard,18.9,0.3,5.3,1.8,0,proxy,frb-frb40-19-2.partial,2.022
ramsey-ram_k4_n20.ra0,190,9690,focused_vns,easy,14.7,0.1,1.0,0.0,0,proxy,frb-frb40-19-2.partial,2.022
ramsey-ram_k4_n20.ra0,190,9690,focused_vns,hard,14.9,0.8,1.0,0.0,0,proxy,frb-frb40-19-2.partial,2.022
ramsey-ram_k4_n20.ra0,190,9690,clause_restart_greedy,easy,56.1,2.0,5.0,0.0,0,proxy,frb-frb40-19-2.partial,2.022
ramsey-ram_k4_n20.ra0,190,9690,clause_restart_greedy,hard,89.3,92.6,5.0,0.0,0,proxy,frb-frb40-19-2.partial,2.022
setcover-sts-data.243,243,10044,walksat,easy,18.8,0.3,4.5,1.2,0,proxy,frb-frb40-19-2.partial,1.855
setcover-sts-data.243,243,10044,walksat,hard,18.9,0.3,5.3,1.8,0,proxy,frb-frb40-19-2.partial,1.855
setcover-sts-data.243,243,10044,focused_vns,easy,14.7,0.1,1.0,0.0,0,proxy,frb-frb40-19-2.partial,1.855
setcover-sts-data.243,243,10044,focused_vns,hard,14.9,0.8,1.0,0.0,0,proxy,frb-frb40-19-2.partial,1.855
setcover-sts-data.243,243,10044,clause_restart_greedy,easy,56.1,2.0,5.0,0.0,0,proxy,frb-frb40-19-2.partial,1.855
setcover-sts-data.243,243,10044,clause_restart_greedy,hard,89.3,92.6,5.0,0.0,0,proxy,frb-frb40-19-2.partial,1.855
optic-gen_mult_4_6_991,11561,17883,walksat,easy,29.3,1.0,934.0,281.1,0,proxy,decision-tree-vote-un-formula_0.8_2021_atleast_15_max-3_reduced_incomplete_tree,2.196
optic-gen_mult_4_6_991,11561,17883,walksat,hard,26.2,1.1,23.1,40.0,0,proxy,decision-tree-vote-un-formula_0.8_2021_atleast_15_max-3_reduced_incomplete_tree,2.196
optic-gen_mult_4_6_991,11561,17883,focused_vns,easy,16.4,0.3,242.3,24.3,0,proxy,decision-tree-vote-un-formula_0.8_2021_atleast_15_max-3_reduced_incomplete_tree,2.196
optic-gen_mult_4_6_991,11561,17883,focused_vns,hard,16.2,0.2,0.0,0.0,0,proxy,decision-tree-vote-un-formula_0.8_2021_atleast_15_max-3_reduced_incomplete_tree,2.196
optic-gen_mult_4_6_991,11561,17883,clause_restart_greedy,easy,586.3,111.0,2323.5,1282.9,0,proxy,decision-tree-vote-un-formula_0.8_2021_atleast_15_max-3_reduced_incomplete_tree,2.196
optic-gen_mult_4_6_991,11561,17883,clause_restart_greedy,hard,377.1,45.7,505.1,34.9,0,proxy,decision-tree-vote-un-formula_0.8_2021_atleast_15_max-3_reduced_incomplete_tree,2.196
xai-mindset2-cleveland-nominal,11577,64560,walksat,easy,29.3,1.0,934.0,281.1,0,proxy,decision-tree-vote-un-formula_0.8_2021_atleast_15_max-3_reduced_incomplete_tree,0.416
xai-mindset2-cleveland-nominal,11577,64560,walksat,hard,26.2,1.1,23.1,40.0,0,proxy,decision-tree-vote-un-formula_0.8_2021_atleast_15_max-3_reduced_incomplete_tree,0.416
xai-mindset2-cleveland-nominal,11577,64560,focused_vns,easy,16.4,0.3,242.3,24.3,0,proxy,decision-tree-vote-un-formula_0.8_2021_atleast_15_max-3_reduced_incomplete_tree,0.416
xai-mindset2-cleveland-nominal,11577,64560,focused_vns,hard,16.2,0.2,0.0,0.0,0,proxy,decision-tree-vote-un-formula_0.8_2021_atleast_15_max-3_reduced_incomplete_tree,0.416
xai-mindset2-cleveland-nominal,11577,64560,clause_restart_greedy,easy,586.3,111.0,2323.5,1282.9,0,proxy,decision-tree-vote-un-formula_0.8_2021_atleast_15_max-3_reduced_incomplete_tree,0.416
xai-mindset2-cleveland-nominal,11577,64560,clause_restart_greedy,hard,377.1,45.7,505.1,34.9,0,proxy,decision-tree-vote-un-formula_0.8_2021_atleast_15_max-3_reduced_incomplete_tree,0.416
xai-mindset2-house-votes-84,6706,66908,walksat,easy,29.3,1.0,934.0,281.1,0,proxy,decision-tree-vote-un-formula_0.8_2021_atleast_15_max-3_reduced_incomplete_tree,0.49
xai-mindset2-house-votes-84,6706,66908,walksat,hard,26.2,1.1,23.1,40.0,0,proxy,decision-tree-vote-un-formula_0.8_2021_atleast_15_max-3_reduced_incomplete_tree,0.49
xai-mindset2-house-votes-84,6706,66908,focused_vns,easy,16.4,0.3,242.3,24.3,0,proxy,decision-tree-vote-un-formula_0.8_2021_atleast_15_max-3_reduced_incomplete_tree,0.49
xai-mindset2-house-votes-84,6706,66908,focused_vns,hard,16.2,0.2,0.0,0.0,0,proxy,decision-tree-vote-un-formula_0.8_2021_atleast_15_max-3_reduced_incomplete_tree,0.49
xai-mindset2-house-votes-84,6706,66908,clause_restart_greedy,easy,586.3,111.0,2323.5,1282.9,0,proxy,decision-tree-vote-un-formula_0.8_2021_atleast_15_max-3_reduced_incomplete_tree,0.49
xai-mindset2-house-votes-84,6706,66908,clause_restart_greedy,hard,377.1,45.7,505.1,34.9,0,proxy,decision-tree-vote-un-formula_0.8_2021_atleast_15_max-3_reduced_incomplete_tree,0.49
setcover-sts-data.729,729,89181,walksat,easy,19.2,1.3,4.8,1.4,0,proxy,frb-frb40-19-4.partial,1.079
setcover-sts-data.729,729,89181,walksat,hard,19.1,1.2,4.5,1.4,0,proxy,frb-frb40-19-4.partial,1.079
setcover-sts-data.729,729,89181,focused_vns,easy,15.0,1.0,1.0,0.0,0,proxy,frb-frb40-19-4.partial,1.079
setcover-sts-data.729,729,89181,focused_vns,hard,14.9,0.6,1.0,0.0,0,proxy,frb-frb40-19-4.partial,1.079
setcover-sts-data.729,729,89181,clause_restart_greedy,easy,56.2,1.9,5.0,0.0,0,proxy,frb-frb40-19-4.partial,1.079
setcover-sts-data.729,729,89181,clause_restart_greedy,hard,55.8,2.4,5.0,0.0,0,proxy,frb-frb40-19-4.partial,1.079
MaxSATQueriesinInterpretableClassifiers-compas_train_5_DNF_5_1,21209,129704,walksat,easy,44.3,5.8,47.6,18.4,0,proxy,min-fill-MinFill_R0_myciel5,0.391
MaxSATQueriesinInterpretableClassifiers-compas_train_5_DNF_5_1,21209,129704,walksat,hard,46.5,10.3,5.7,4.7,0,proxy,min-fill-MinFill_R0_myciel5,0.391
MaxSATQueriesinInterpretableClassifiers-compas_train_5_DNF_5_1,21209,129704,focused_vns,easy,18.3,0.7,16.5,6.6,0,proxy,min-fill-MinFill_R0_myciel5,0.391
MaxSATQueriesinInterpretableClassifiers-compas_train_5_DNF_5_1,21209,129704,focused_vns,hard,26.8,18.3,0.3,0.7,0,proxy,min-fill-MinFill_R0_myciel5,0.391
MaxSATQueriesinInterpretableClassifiers-compas_train_5_DNF_5_1,21209,129704,clause_restart_greedy,easy,3213.1,182.6,1326.8,80.4,0,proxy,min-fill-MinFill_R0_myciel5,0.391
MaxSATQueriesinInterpretableClassifiers-compas_train_5_DNF_5_1,21209,129704,clause_restart_greedy,hard,3660.5,524.8,1124.5,169.3,0,proxy,min-fill-MinFill_R0_myciel5,0.391
optimizing-BDDs-anneal-un-wcnf_incomplete_improved_1_2019_2,1990,148602,walksat,easy,19.2,1.3,4.8,1.4,0,proxy,frb-frb40-19-4.partial,1.606
optimizing-BDDs-anneal-un-wcnf_incomplete_improved_1_2019_2,1990,148602,walksat,hard,19.1,1.2,4.5,1.4,0,proxy,frb-frb40-19-4.partial,1.606
optimizing-BDDs-anneal-un-wcnf_incomplete_improved_1_2019_2,1990,148602,focused_vns,easy,15.0,1.0,1.0,0.0,0,proxy,frb-frb40-19-4.partial,1.606
optimizing-BDDs-anneal-un-wcnf_incomplete_improved_1_2019_2,1990,148602,focused_vns,hard,14.9,0.6,1.0,0.0,0,proxy,frb-frb40-19-4.partial,1.606
optimizing-BDDs-anneal-un-wcnf_incomplete_improved_1_2019_2,1990,148602,clause_restart_greedy,easy,56.2,1.9,5.0,0.0,0,proxy,frb-frb40-19-4.partial,1.606
optimizing-BDDs-anneal-un-wcnf_incomplete_improved_1_2019_2,1990,148602,clause_restart_greedy,hard,55.8,2.4,5.0,0.0,0,proxy,frb-frb40-19-4.partial,1.606
optimizing-BDDs-tic-tac-toe-un-wcnf_incomplete_improved_1_2019_5,5275,161152,walksat,easy,35.0,2.1,2194.0,1193.1,0,proxy,decision-tree-car-un-formula_0.8_2021_atleast_15_max-3_reduced_incomplete_tree,0.641
optimizing-BDDs-tic-tac-toe-un-wcnf_incomplete_improved_1_2019_5,5275,161152,walksat,hard,30.1,1.9,9.7,1.3,0,proxy,decision-tree-car-un-formula_0.8_2021_atleast_15_max-3_reduced_incomplete_tree,0.641
optimizing-BDDs-tic-tac-toe-un-wcnf_incomplete_improved_1_2019_5,5275,161152,focused_vns,easy,17.2,0.4,884.8,197.8,0,proxy,decision-tree-car-un-formula_0.8_2021_atleast_15_max-3_reduced_incomplete_tree,0.641
optimizing-BDDs-tic-tac-toe-un-wcnf_incomplete_improved_1_2019_5,5275,161152,focused_vns,hard,17.1,0.5,0.0,0.0,0,proxy,decision-tree-car-un-formula_0.8_2021_atleast_15_max-3_reduced_incomplete_tree,0.641
optimizing-BDDs-tic-tac-toe-un-wcnf_incomplete_improved_1_2019_5,5275,161152,clause_restart_greedy,easy,1107.4,109.8,1894.3,697.4,0,proxy,decision-tree-car-un-formula_0.8_2021_atleast_15_max-3_reduced_incomplete_tree,0.641
optimizing-BDDs-tic-tac-toe-un-wcnf_incomplete_improved_1_2019_5,5275,161152,clause_restart_greedy,hard,1033.4,34.4,1164.0,0.0,0,proxy,decision-tree-car-un-formula_0.8_2021_atleast_15_max-3_reduced_incomplete_tree,0.641
ramsey-ram_k3_n12.ra0,66,715,walksat,easy,18.8,0.3,4.5,1.2,0,proxy,frb-frb40-19-2.partial,5.025
ramsey-ram_k3_n12.ra0,66,715,walksat,hard,18.9,0.3,5.3,1.8,0,proxy,frb-frb40-19-2.partial,5.025
ramsey-ram_k3_n12.ra0,66,715,focused_vns,easy,14.7,0.1,1.0,0.0,0,proxy,frb-frb40-19-2.partial,5.025
ramsey-ram_k3_n12.ra0,66,715,focused_vns,hard,14.9,0.8,1.0,0.0,0,proxy,frb-frb40-19-2.partial,5.025
ramsey-ram_k3_n12.ra0,66,715,clause_restart_greedy,easy,56.1,2.0,5.0,0.0,0,proxy,frb-frb40-19-2.partial,5.025
ramsey-ram_k3_n12.ra0,66,715,clause_restart_greedy,hard,89.3,92.6,5.0,0.0,0,proxy,frb-frb40-19-2.partial,5.025
ramsey-ram_k3_n18.ra0,153,3876,walksat,easy,18.8,0.3,4.5,1.2,0,proxy,frb-frb40-19-2.partial,2.979
ramsey-ram_k3_n18.ra0,153,3876,walksat,hard,18.9,0.3,5.3,1.8,0,proxy,frb-frb40-19-2.partial,2.979
ramsey-ram_k3_n18.ra0,153,3876,focused_vns,easy,14.7,0.1,1.0,0.0,0,proxy,frb-frb40-19-2.partial,2.979
ramsey-ram_k3_n18.ra0,153,3876,focused_vns,hard,14.9,0.8,1.0,0.0,0,proxy,frb-frb40-19-2.partial,2.979
ramsey-ram_k3_n18.ra0,153,3876,clause_restart_greedy,easy,56.1,2.0,5.0,0.0,0,proxy,frb-frb40-19-2.partial,2.979
ramsey-ram_k3_n18.ra0,153,3876,clause_restart_greedy,hard,89.3,92.6,5.0,0.0,0,proxy,frb-frb40-19-2.partial,2.979
inconsistency-measurement-im-hit-C-2-stb_304_352.tgf.pl,905,4559,walksat,easy,18.8,0.3,4.5,1.2,0,proxy,frb-frb40-19-2.partial,3.275
inconsistency-measurement-im-hit-C-2-stb_304_352.tgf.pl,905,4559,walksat,hard,18.9,0.3,5.3,1.8,0,proxy,frb-frb40-19-2.partial,3.275
inconsistency-measurement-im-hit-C-2-stb_304_352.tgf.pl,905,4559,focused_vns,easy,14.7,0.1,1.0,0.0,0,proxy,frb-frb40-19-2.partial,3.275
inconsistency-measurement-im-hit-C-2-stb_304_352.tgf.pl,905,4559,focused_vns,hard,14.9,0.8,1.0,0.0,0,proxy,frb-frb40-19-2.partial,3.275
inconsistency-measurement-im-hit-C-2-stb_304_352.tgf.pl,905,4559,clause_restart_greedy,easy,56.1,2.0,5.0,0.0,0,proxy,frb-frb40-19-2.partial,3.275
inconsistency-measurement-im-hit-C-2-stb_304_352.tgf.pl,905,4559,clause_restart_greedy,hard,89.3,92.6,5.0,0.0,0,proxy,frb-frb40-19-2.partial,3.275
inconsistency-measurement-im-sum-B-3-stb_390_450.tgf.pl,7766,15137,walksat,easy,29.3,1.0,934.0,281.1,0,proxy,decision-tree-vote-un-formula_0.8_2021_atleast_15_max-3_reduced_incomplete_tree,2.165
inconsistency-measurement-im-sum-B-3-stb_390_450.tgf.pl,7766,15137,walksat,hard,26.2,1.1,23.1,40.0,0,proxy,decision-tree-vote-un-formula_0.8_2021_atleast_15_max-3_reduced_incomplete_tree,2.165
inconsistency-measurement-im-sum-B-3-stb_390_450.tgf.pl,7766,15137,focused_vns,easy,16.4,0.3,242.3,24.3,0,proxy,decision-tree-vote-un-formula_0.8_2021_atleast_15_max-3_reduced_incomplete_tree,2.165
inconsistency-measurement-im-sum-B-3-stb_390_450.tgf.pl,7766,15137,focused_vns,hard,16.2,0.2,0.0,0.0,0,proxy,decision-tree-vote-un-formula_0.8_2021_atleast_15_max-3_reduced_incomplete_tree,2.165
inconsistency-measurement-im-sum-B-3-stb_390_450.tgf.pl,7766,15137,clause_restart_greedy,easy,586.3,111.0,2323.5,1282.9,0,proxy,decision-tree-vote-un-formula_0.8_2021_atleast_15_max-3_reduced_incomplete_tree,2.165
inconsistency-measurement-im-sum-B-3-stb_390_450.tgf.pl,7766,15137,clause_restart_greedy,hard,377.1,45.7,505.1,34.9,0,proxy,decision-tree-vote-un-formula_0.8_2021_atleast_15_max-3_reduced_incomplete_tree,2.165
minimize-5gons-u5-cube-maxcdcl-13-tmp-15-2655746,3458,38044,walksat,easy,35.0,2.1,2194.0,1193.1,0,proxy,decision-tree-car-un-formula_0.8_2021_atleast_15_max-3_reduced_incomplete_tree,1.303
minimize-5gons-u5-cube-maxcdcl-13-tmp-15-2655746,3458,38044,walksat,hard,30.1,1.9,9.7,1.3,0,proxy,decision-tree-car-un-formula_0.8_2021_atleast_15_max-3_reduced_incomplete_tree,1.303
minimize-5gons-u5-cube-maxcdcl-13-tmp-15-2655746,3458,38044,focused_vns,easy,17.2,0.4,884.8,197.8,0,proxy,decision-tree-car-un-formula_0.8_2021_atleast_15_max-3_reduced_incomplete_tree,1.303
minimize-5gons-u5-cube-maxcdcl-13-tmp-15-2655746,3458,38044,focused_vns,hard,17.1,0.5,0.0,0.0,0,proxy,decision-tree-car-un-formula_0.8_2021_atleast_15_max-3_reduced_incomplete_tree,1.303
minimize-5gons-u5-cube-maxcdcl-13-tmp-15-2655746,3458,38044,clause_restart_greedy,easy,1107.4,109.8,1894.3,697.4,0,proxy,decision-tree-car-un-formula_0.8_2021_atleast_15_max-3_reduced_incomplete_tree,1.303
minimize-5gons-u5-cube-maxcdcl-13-tmp-15-2655746,3458,38044,clause_restart_greedy,hard,1033.4,34.4,1164.0,0.0,0,proxy,decision-tree-car-un-formula_0.8_2021_atleast_15_max-3_reduced_incomplete_tree,1.303
minimize-5gons-u5-cube-maxcdcl-11-tmp-15-2655746,3458,38044,walksat,easy,35.0,2.1,2194.0,1193.1,0,proxy,decision-tree-car-un-formula_0.8_2021_atleast_15_max-3_reduced_incomplete_tree,1.303
minimize-5gons-u5-cube-maxcdcl-11-tmp-15-2655746,3458,38044,walksat,hard,30.1,1.9,9.7,1.3,0,proxy,decision-tree-car-un-formula_0.8_2021_atleast_15_max-3_reduced_incomplete_tree,1.303
minimize-5gons-u5-cube-maxcdcl-11-tmp-15-2655746,3458,38044,focused_vns,easy,17.2,0.4,884.8,197.8,0,proxy,decision-tree-car-un-formula_0.8_2021_atleast_15_max-3_reduced_incomplete_tree,1.303
minimize-5gons-u5-cube-maxcdcl-11-tmp-15-2655746,3458,38044,focused_vns,hard,17.1,0.5,0.0,0.0,0,proxy,decision-tree-car-un-formula_0.8_2021_atleast_15_max-3_reduced_incomplete_tree,1.303
minimize-5gons-u5-cube-maxcdcl-11-tmp-15-2655746,3458,38044,clause_restart_greedy,easy,1107.4,109.8,1894.3,697.4,0,proxy,decision-tree-car-un-formula_0.8_2021_atleast_15_max-3_reduced_incomplete_tree,1.303
minimize-5gons-u5-cube-maxcdcl-11-tmp-15-2655746,3458,38044,clause_restart_greedy,hard,1033.4,34.4,1164.0,0.0,0,proxy,decision-tree-car-un-formula_0.8_2021_atleast_15_max-3_reduced_incomplete_tree,1.303
gen-hyper-tw-GenHyperTW_uf20-099,46941,75592,walksat,easy,41.5,2.7,33.0,13.3,0,proxy,gen-hyper-tw-GenHyperTW_grid4d_3,0.728
gen-hyper-tw-GenHyperTW_uf20-099,46941,75592,walksat,hard,40.8,2.4,8.8,3.6,0,proxy,gen-hyper-tw-GenHyperTW_grid4d_3,0.728
gen-hyper-tw-GenHyperTW_uf20-099,46941,75592,focused_vns,easy,18.6,0.4,17.2,5.1,0,proxy,gen-hyper-tw-GenHyperTW_grid4d_3,0.728
gen-hyper-tw-GenHyperTW_uf20-099,46941,75592,focused_vns,hard,18.9,0.7,0.9,1.4,0,proxy,gen-hyper-tw-GenHyperTW_grid4d_3,0.728
gen-hyper-tw-GenHyperTW_uf20-099,46941,75592,clause_restart_greedy,easy,9767.6,277.2,3637.7,189.4,0,proxy,gen-hyper-tw-GenHyperTW_grid4d_3,0.728
gen-hyper-tw-GenHyperTW_uf20-099,46941,75592,clause_restart_greedy,hard,9784.3,152.5,3075.4,278.1,0,proxy,gen-hyper-tw-GenHyperTW_grid4d_3,0.728
judgment-aggregation-ja-maxham-preflib-00049-00000003,10572,76988,walksat,easy,29.3,1.0,934.0,281.1,0,proxy,decision-tree-vote-un-formula_0.8_2021_atleast_15_max-3_reduced_incomplete_tree,0.094
judgment-aggregation-ja-maxham-preflib-00049-00000003,10572,76988,walksat,hard,26.2,1.1,23.1,40.0,0,proxy,decision-tree-vote-un-formula_0.8_2021_atleast_15_max-3_reduced_incomplete_tree,0.094
judgment-aggregation-ja-maxham-preflib-00049-00000003,10572,76988,focused_vns,easy,16.4,0.3,242.3,24.3,0,proxy,decision-tree-vote-un-formula_0.8_2021_atleast_15_max-3_reduced_incomplete_tree,0.094
judgment-aggregation-ja-maxham-preflib-00049-00000003,10572,76988,focused_vns,hard,16.2,0.2,0.0,0.0,0,proxy,decision-tree-vote-un-formula_0.8_2021_atleast_15_max-3_reduced_incomplete_tree,0.094
judgment-aggregation-ja-maxham-preflib-00049-00000003,10572,76988,clause_restart_greedy,easy,586.3,111.0,2323.5,1282.9,0,proxy,decision-tree-vote-un-formula_0.8_2021_atleast_15_max-3_reduced_incomplete_tree,0.094
judgment-aggregation-ja-maxham-preflib-00049-00000003,10572,76988,clause_restart_greedy,hard,377.1,45.7,505.1,34.9,0,proxy,decision-tree-vote-un-formula_0.8_2021_atleast_15_max-3_reduced_incomplete_tree,0.094
judgment-aggregation-ja-maxham-preflib-00049-00000092,11582,93299,walksat,easy,32.9,5.7,965.9,417.1,0,proxy,decision-tree-soybean-un-formula_0.8_2021_atleast_15_max-3_reduced_incomplete_tree,0.121
judgment-aggregation-ja-maxham-preflib-00049-00000092,11582,93299,walksat,hard,27.0,0.9,33.9,93.5,0,proxy,decision-tree-soybean-un-formula_0.8_2021_atleast_15_max-3_reduced_incomplete_tree,0.121
judgment-aggregation-ja-maxham-preflib-00049-00000092,11582,93299,focused_vns,easy,16.8,0.3,430.2,0.4,0,proxy,decision-tree-soybean-un-formula_0.8_2021_atleast_15_max-3_reduced_incomplete_tree,0.121
judgment-aggregation-ja-maxham-preflib-00049-00000092,11582,93299,focused_vns,hard,16.6,0.3,0.0,0.0,0,proxy,decision-tree-soybean-un-formula_0.8_2021_atleast_15_max-3_reduced_incomplete_tree,0.121
judgment-aggregation-ja-maxham-preflib-00049-00000092,11582,93299,clause_restart_greedy,easy,790.1,303.3,2572.4,878.9,0,proxy,decision-tree-soybean-un-formula_0.8_2021_atleast_15_max-3_reduced_incomplete_tree,0.121
judgment-aggregation-ja-maxham-preflib-00049-00000092,11582,93299,clause_restart_greedy,hard,506.9,25.0,636.4,16.9,0,proxy,decision-tree-soybean-un-formula_0.8_2021_atleast_15_max-3_reduced_incomplete_tree,0.121
optimizing-BDDs-primary-tumor-un-wcnf_incomplete_improved_1_2019_8,4072,172411,walksat,easy,35.0,2.1,2194.0,1193.1,0,proxy,decision-tree-car-un-formula_0.8_2021_atleast_15_max-3_reduced_incomplete_tree,1.015
optimizing-BDDs-primary-tumor-un-wcnf_incomplete_improved_1_2019_8,4072,172411,walksat,hard,30.1,1.9,9.7,1.3,0,proxy,decision-tree-car-un-formula_0.8_2021_atleast_15_max-3_reduced_incomplete_tree,1.015
optimizing-BDDs-primary-tumor-un-wcnf_incomplete_improved_1_2019_8,4072,172411,focused_vns,easy,17.2,0.4,884.8,197.8,0,proxy,decision-tree-car-un-formula_0.8_2021_atleast_15_max-3_reduced_incomplete_tree,1.015
optimizing-BDDs-primary-tumor-un-wcnf_incomplete_improved_1_2019_8,4072,172411,focused_vns,hard,17.1,0.5,0.0,0.0,0,proxy,decision-tree-car-un-formula_0.8_2021_atleast_15_max-3_reduced_incomplete_tree,1.015
optimizing-BDDs-primary-tumor-un-wcnf_incomplete_improved_1_2019_8,4072,172411,clause_restart_greedy,easy,1107.4,109.8,1894.3,697.4,0,proxy,decision-tree-car-un-formula_0.8_2021_atleast_15_max-3_reduced_incomplete_tree,1.015
optimizing-BDDs-primary-tumor-un-wcnf_incomplete_improved_1_2019_8,4072,172411,clause_restart_greedy,hard,1033.4,34.4,1164.0,0.0,0,proxy,decision-tree-car-un-formula_0.8_2021_atleast_15_max-3_reduced_incomplete_tree,1.015
