domain,category,benchmark,file,vars,clauses,best_known,mandatory
unknown,HaplotypeAssembly-splitedReads_0.matrix,HaplotypeAssembly-splitedReads_0.matrix,HaplotypeAssembly-splitedReads_0.matrix.wcnf.xz,12962,51450,1510.0,False
unknown,MaxSATQueriesinInterpretableClassifiers-compas_train_5_DNF_5_1,MaxSATQueriesinInterpretableClassifiers-compas_train_5_DNF_5_1,MaxSATQueriesinInterpretableClassifiers-compas_train_5_DNF_5_1.wcnf.xz,21209,129704,2108.0,False
unknown,MaxSATQueriesinInterpretableClassifiers-toms_test_5_DNF_5_1,MaxSATQueriesinInterpretableClassifiers-toms_test_5_DNF_5_1,MaxSATQueriesinInterpretableClassifiers-toms_test_5_DNF_5_1.wcnf.xz,11902,453184,60.0,False
unknown,causal-discovery,causal-discovery-causal_n6_i1_N500_uai13_harddeps_int,causal-discovery-causal_n6_i1_N500_uai13_harddeps_int.wcnf.xz,328107,1206162,19.0,False
unknown,decision-tree,decision-tree-car-un-formula_0.8_2021_atleast_15_max-3_reduced_incomplete_tree,decision-tree-car-un-formula_0.8_2021_atleast_15_max-3_reduced_incomplete_tree.wcnf.xz,5959,110235,143.0,True
unknown,decision-tree,decision-tree-soybean-un-formula_0.8_2021_atleast_15_max-3_reduced_incomplete_tree,decision-tree-soybean-un-formula_0.8_2021_atleast_15_max-3_reduced_incomplete_tree.wcnf.xz,10503,89879,22.0,True
unknown,decision-tree,decision-tree-vote-un-formula_0.8_2021_atleast_15_max-3_reduced_incomplete_tree,decision-tree-vote-un-formula_0.8_2021_atleast_15_max-3_reduced_incomplete_tree.wcnf.xz,9973,78069,6.0,True
unknown,des-cnf.16.p.6,des-cnf.16.p.6,des-cnf.16.p.6.wcnf.xz,99670,450650,16.0,False
unknown,des-cnf.19.p.10,des-cnf.19.p.10,des-cnf.19.p.10.wcnf.xz,132880,600905,19.0,False
unknown,fault-diagnosis,fault-diagnosis-s38584_nan_explicit_33_0,fault-diagnosis-s38584_nan_explicit_33_0.wcnf.xz,131581,696606,189.0,False
crafted,frb-frb40,frb-frb40-19-2.partial,frb-frb40-19-2.partial.wcnf.xz,760,42127,720.0,False
crafted,frb-frb40,frb-frb40-19-4.partial,frb-frb40-19-4.partial.wcnf.xz,760,42485,720.0,False
crafted,gen-hyper,gen-hyper-tw-GenHyperTW_b01,gen-hyper-tw-GenHyperTW_b01.wcnf.xz,55117,170612,5.0,False
crafted,gen-hyper,gen-hyper-tw-GenHyperTW_grid4d_3,gen-hyper-tw-GenHyperTW_grid4d_3.wcnf.xz,42065,118649,6.0,False
crafted,gen-hyper,gen-hyper-tw-GenHyperTW_uf20-099,gen-hyper-tw-GenHyperTW_uf20-099.wcnf.xz,46941,75592,6.0,False
unknown,inconsistency-measurement,inconsistency-measurement-im-forgetting-A-2-WS_300_16_90_30.tgf.pl,inconsistency-measurement-im-forgetting-A-2-WS_300_16_90_30.tgf.pl.wcnf.xz,6410,12520,34.0,False
unknown,inconsistency-measurement,inconsistency-measurement-im-hit-A-2-WS_300_16_90_30.tgf.pl,inconsistency-measurement-im-hit-A-2-WS_300_16_90_30.tgf.pl.wcnf.xz,900,4255,34.0,False
unknown,inconsistency-measurement,inconsistency-measurement-im-hit-C-2-stb_304_352.tgf.pl,inconsistency-measurement-im-hit-C-2-stb_304_352.tgf.pl.wcnf.xz,905,4559,42.0,False
unknown,inconsistency-measurement,inconsistency-measurement-im-sum-B-3-stb_390_450.tgf.pl,inconsistency-measurement-im-sum-B-3-stb_390_450.tgf.pl.wcnf.xz,7766,15137,46.0,False
unknown,judgment-aggregation,judgment-aggregation-ja-maxham-preflib-00049-00000003,judgment-aggregation-ja-maxham-preflib-00049-00000003.wcnf.xz,10572,76988,41.0,False
unknown,judgment-aggregation,judgment-aggregation-ja-maxham-preflib-00049-00000092,judgment-aggregation-ja-maxham-preflib-00049-00000092.wcnf.xz,11582,93299,46.0,False
unknown,judgment-aggregation,judgment-aggregation-ja-slater-preflib-00049-00000107,judgment-aggregation-ja-slater-preflib-00049-00000107.wcnf.xz,1711,196765,300.0,False
unknown,logic-synthesis,logic-synthesis-normalized-test4.pi.opb.msat,logic-synthesis-normalized-test4.pi.opb.msat.wcnf.xz,6139,7576,95.0,False
crafted,min-fill,min-fill-MinFill_R0_myciel5,min-fill-MinFill_R0_myciel5.wcnf.xz,15416,109371,196.0,True
crafted,min-fill,min-fill-MinFill_R0_queen9_9,min-fill-MinFill_R0_queen9_9.wcnf.xz,52407,431736,1639.0,False
crafted,min-fill,min-fill-MinFill_R3_david,min-fill-MinFill_R3_david.wcnf.xz,9048,55736,61.0,False
unknown,minimize-5gons,minimize-5gons-u5-cube-maxcdcl-11-tmp-15-2655746,minimize-5gons-u5-cube-maxcdcl-11-tmp-15-2655746.wcnf.xz,3458,38044,77.0,False
unknown,minimize-5gons,minimize-5gons-u5-cube-maxcdcl-12-tmp-15-2655746,minimize-5gons-u5-cube-maxcdcl-12-tmp-15-2655746.wcnf.xz,3458,38044,77.0,False
unknown,minimize-5gons,minimize-5gons-u5-cube-maxcdcl-13-tmp-15-2655746,minimize-5gons-u5-cube-maxcdcl-13-tmp-15-2655746.wcnf.xz,3458,38044,77.0,False
unknown,minimize-5gons,minimize-5gons-u5-cube-maxcdcl-29-tmp-15-2655746,minimize-5gons-u5-cube-maxcdcl-29-tmp-15-2655746.wcnf.xz,3458,38044,77.0,False
unknown,optic-gen_add_4_carry_991,optic-gen_add_4_carry_991,optic-gen_add_4_carry_991.wcnf.xz,676,4311,56.0,False
unknown,optic-gen_add_6_carry_991,optic-gen_add_6_carry_991,optic-gen_add_6_carry_991.wcnf.xz,6484,142765,104.0,False
unknown,optic-gen_mult_4_5_991,optic-gen_mult_4_5_991,optic-gen_mult_4_5_991.wcnf.xz,4754,7643,115.0,False
unknown,optic-gen_mult_4_6_991,optic-gen_mult_4_6_991,optic-gen_mult_4_6_991.wcnf.xz,11561,17883,134.0,False
unknown,optimizing-BDDs,optimizing-BDDs-anneal-un-wcnf_incomplete_improved_1_2019_2,optimizing-BDDs-anneal-un-wcnf_incomplete_improved_1_2019_2.wcnf.xz,1990,148602,139.0,False
unknown,optimizing-BDDs,optimizing-BDDs-lymph-un-wcnf_incomplete_improved_1_2019_6,optimizing-BDDs-lymph-un-wcnf_incomplete_improved_1_2019_6.wcnf.xz,2272,73267,7.0,False
unknown,optimizing-BDDs,optimizing-BDDs-primary-tumor-un-wcnf_incomplete_improved_1_2019_4,optimizing-BDDs-primary-tumor-un-wcnf_incomplete_improved_1_2019_4.wcnf.xz,1756,48039,49.0,False
unknown,optimizing-BDDs,optimizing-BDDs-primary-tumor-un-wcnf_incomplete_improved_1_2019_8,optimizing-BDDs-primary-tumor-un-wcnf_incomplete_improved_1_2019_8.wcnf.xz,4072,172411,30.0,False
unknown,optimizing-BDDs,optimizing-BDDs-tic-tac-toe-un-wcnf_incomplete_improved_1_2019_5,optimizing-BDDs-tic-tac-toe-un-wcnf_incomplete_improved_1_2019_5.wcnf.xz,5275,161152,160.0,False
crafted,ramsey-ram_k3_n10.ra0,ramsey-ram_k3_n10.ra0,ramsey-ram_k3_n10.ra0.wcnf.xz,45,330,4.0,False
crafted,ramsey-ram_k3_n12.ra0,ramsey-ram_k3_n12.ra0,ramsey-ram_k3_n12.ra0.wcnf.xz,66,715,10.0,False
crafted,ramsey-ram_k3_n16.ra0,ramsey-ram_k3_n16.ra0,ramsey-ram_k3_n16.ra0.wcnf.xz,120,2380,39.0,False
crafted,ramsey-ram_k3_n18.ra0,ramsey-ram_k3_n18.ra0,ramsey-ram_k3_n18.ra0.wcnf.xz,153,3876,60.0,False
crafted,ramsey-ram_k4_n20.ra0,ramsey-ram_k4_n20.ra0,ramsey-ram_k4_n20.ra0.wcnf.xz,190,9690,24.0,False
unknown,scheduling-cnf_small,scheduling-cnf_small,scheduling-cnf_small.wcnf.xz,12617,47065,28.0,False
unknown,setcover-sts,setcover-sts-data.135,setcover-sts-data.135.wcnf.xz,135,3150,103.0,False
unknown,setcover-sts,setcover-sts-data.243,setcover-sts-data.243.wcnf.xz,243,10044,198.0,False
unknown,setcover-sts,setcover-sts-data.405,setcover-sts-data.405.wcnf.xz,405,27675,336.0,False
unknown,setcover-sts,setcover-sts-data.729,setcover-sts-data.729.wcnf.xz,729,89181,617.0,False
unknown,treewidth-computation,treewidth-computation-TWComp_queen5_5_N25,treewidth-computation-TWComp_queen5_5_N25.wcnf.xz,7274,38856,18.0,False
unknown,xai-mindset2,xai-mindset2-cleveland-nominal,xai-mindset2-cleveland-nominal.wcnf.xz,11577,64560,228.0,False
unknown,xai-mindset2,xai-mindset2-house-votes-84,xai-mindset2-house-votes-84.wcnf.xz,6706,66908,74.0,False
unknown,xai-mindset2,xai-mindset2-lymphography,xai-mindset2-lymphography.wcnf.xz,7832,56900,52.0,False
unknown,xai-mindset2,xai-mindset2-postoperative-patient-data,xai-mindset2-postoperative-patient-data.wcnf.xz,6412,31470,62.0,False
